deal_id,deal_name,company_id,industry,amount,stage,close_date,owner,probability
1,Consulting - support,553,Education,19102.25,Closed Lost,2024-09-27,Eva Brown,0.48
2,Contract - option,80,Manufacturing,11268.02,Proposal Sent,2024-04-11,Bob Smith,0.41
3,Implementation - she,358,Education,13383.67,Proposal Sent,2025-01-29,Alice Johnson,0.34
4,Contract - health,522,Education,33921.39,Closed Won,2023-12-02,Alice Johnson,0.4
5,Subscription - pay,189,Finance,77706.38,Proposal Sent,2024-07-09,Daniel Green,0.5
6,Implementation - piece,445,Manufacturing,38367.62,Negotiation,2024-08-24,Clara White,0.41
7,Consulting - wife,19,Marketing,27998.95,Closed Won,2024-01-03,Alice Johnson,0.34
8,Contract - dark,318,Finance,46687.64,Closed Won,2024-07-13,Alice Johnson,0.85
9,Consulting - official,913,E-commerce,10622.29,Closed Lost,2024-10-29,Clara White,0.45
10,Implementation - someone,668,Technology,84443.06,Closed Lost,2025-02-27,Alice Johnson,0.73
11,Implementation - when,309,Technology,59336.41,Proposal Sent,2024-05-26,Alice Johnson,0.81
12,Subscription - daughter,482,Marketing,34859.2,Prospecting,2025-02-19,Alice Johnson,0.5
13,Upgrade - spring,993,E-commerce,12654.26,Prospecting,2025-08-05,Daniel Green,0.22
14,Upgrade - return,823,Manufacturing,20729.25,Closed Won,2025-04-12,Bob Smith,0.67
15,Contract - team,294,Healthcare,24613.46,Closed Lost,2025-01-25,Bob Smith,0.63
16,Subscription - behavior,23,Manufacturing,31760.73,Closed Lost,2024-10-14,Alice Johnson,0.63
17,Consulting - throughout,33,Marketing,17087.84,Negotiation,2024-12-18,Bob Smith,0.5
18,Implementation - group,495,Manufacturing,45498.64,Proposal Sent,2024-05-16,Clara White,0.48
19,Implementation - on,297,Marketing,16019.25,Closed Won,2024-05-25,Daniel Green,0.57
20,Implementation - wait,370,Technology,50723.5,Proposal Sent,2024-09-29,Clara White,0.77
21,Consulting - nor,244,Finance,66634.3,Prospecting,2025-07-08,Clara White,0.84
22,Implementation - parent,92,Marketing,24085.27,Prospecting,2024-09-14,Clara White,0.57
23,Subscription - need,831,Marketing,46801.74,Proposal Sent,2024-08-22,Bob Smith,0.55
24,Upgrade - value,836,E-commerce,1492.87,Negotiation,2023-11-12,Daniel Green,0.47
25,Subscription - foot,242,Education,29739.6,Closed Lost,2025-04-07,Alice Johnson,0.48
26,Implementation - scene,202,Education,35512.23,Qualification,2025-09-03,Clara White,0.66
27,Consulting - common,757,Manufacturing,29450.05,Negotiation,2024-09-03,Alice Johnson,0.55
28,Implementation - purpose,861,Finance,69333.19,Negotiation,2023-02-07,Clara White,0.57
29,Consulting - become,450,Healthcare,36646.58,Qualification,2023-07-17,Eva Brown,0.56
30,Contract - dog,376,Finance,64023.17,Qualification,2025-08-05,Eva Brown,0.67
31,Contract - behind,6,Marketing,20644.07,Negotiation,2023-07-19,Clara White,0.43
32,Contract - market,668,Technology,99575.55,Closed Won,2023-02-23,Daniel Green,0.87
33,Implementation - property,354,E-commerce,14583.23,Closed Lost,2025-04-29,Alice Johnson,0.38
34,Consulting - watch,194,Manufacturing,16441.06,Closed Won,2024-12-31,Alice Johnson,0.35
35,Consulting - soldier,925,Healthcare,56301.69,Closed Won,2023-11-20,Bob Smith,0.69
36,Implementation - dinner,405,Education,26103.34,Closed Won,2024-11-09,Clara White,0.58
37,Consulting - back,423,Technology,57586.68,Prospecting,2025-08-20,Bob Smith,0.86
38,Contract - represent,949,Finance,48358.8,Negotiation,2023-08-15,Daniel Green,0.76
39,Consulting - together,254,Education,12485.95,Closed Won,2025-01-06,Daniel Green,0.67
40,Upgrade - too,641,Marketing,23482.26,Prospecting,2024-07-15,Bob Smith,0.49
41,Subscription - can,298,Education,32099.33,Closed Won,2023-12-17,Clara White,0.33
42,Upgrade - during,304,Manufacturing,49109.52,Closed Lost,2024-10-05,Eva Brown,0.52
43,Subscription - health,917,Technology,70520.66,Closed Lost,2025-08-17,Clara White,0.72
44,Subscription - goal,49,Education,33906.82,Negotiation,2024-04-26,Bob Smith,0.61
45,Contract - customer,912,Education,16689.0,Proposal Sent,2024-06-22,Clara White,0.64
46,Contract - thus,863,Manufacturing,49389.94,Qualification,2024-03-04,Alice Johnson,0.47
47,Consulting - five,180,Technology,65718.31,Closed Lost,2023-03-05,Alice Johnson,0.63
48,Upgrade - alone,421,Technology,90076.55,Prospecting,2025-02-15,Alice Johnson,0.73
49,Consulting - dinner,155,Manufacturing,12486.1,Qualification,2024-06-30,Bob Smith,0.44
50,Consulting - trade,193,Manufacturing,8500.58,Qualification,2025-09-28,Daniel Green,0.57
51,Consulting - population,909,Education,32728.92,Negotiation,2023-10-04,Eva Brown,0.36
52,Consulting - public,619,Manufacturing,7638.08,Closed Won,2025-07-20,Clara White,0.47
53,Contract - number,733,Education,18074.78,Closed Won,2024-02-29,Clara White,0.55
54,Contract - world,842,Marketing,44094.85,Prospecting,2023-06-06,Eva Brown,0.63
55,Subscription - method,658,E-commerce,11219.65,Closed Won,2023-01-31,Bob Smith,0.27
56,Contract - leave,572,Finance,64159.74,Closed Won,2025-08-16,Bob Smith,0.83
57,Contract - thought,434,Healthcare,22521.89,Proposal Sent,2023-05-21,Alice Johnson,0.73
58,Subscription - reach,764,Education,41326.38,Qualification,2023-05-19,Eva Brown,0.61
59,Subscription - spring,71,Finance,77743.6,Closed Won,2023-07-29,Clara White,0.72
60,Implementation - drive,785,Healthcare,46494.21,Qualification,2024-02-18,Clara White,0.56
61,Upgrade - the,523,E-commerce,11613.79,Closed Won,2023-11-30,Eva Brown,0.29
62,Consulting - thing,423,Technology,70919.02,Prospecting,2025-07-20,Bob Smith,0.66
63,Upgrade - scene,261,E-commerce,3106.5,Qualification,2024-02-13,Bob Smith,0.28
64,Subscription - end,223,Finance,74466.46,Proposal Sent,2025-02-01,Alice Johnson,0.77
65,Subscription - age,33,Marketing,47842.97,Prospecting,2024-09-05,Alice Johnson,0.43
66,Consulting - manage,684,Education,45104.82,Proposal Sent,2025-09-12,Clara White,0.45
67,Contract - mean,323,Education,36076.23,Negotiation,2024-07-06,Daniel Green,0.61
68,Subscription - speak,72,Marketing,12449.74,Prospecting,2025-09-20,Clara White,0.59
69,Subscription - real,410,Finance,49938.52,Closed Lost,2023-02-24,Clara White,0.57
70,Consulting - travel,44,Marketing,33864.3,Closed Won,2023-12-26,Bob Smith,0.6
71,Consulting - however,754,Healthcare,59035.34,Prospecting,2025-02-09,Bob Smith,0.74
72,Consulting - find,126,Healthcare,49531.42,Proposal Sent,2024-05-10,Daniel Green,0.55
73,Subscription - season,193,Manufacturing,29303.46,Closed Won,2023-10-18,Bob Smith,0.52
74,Implementation - lot,337,Healthcare,22913.04,Qualification,2024-05-04,Daniel Green,0.56
75,Upgrade - million,346,Marketing,24011.41,Closed Won,2025-03-21,Eva Brown,0.38
76,Upgrade - our,330,Healthcare,20607.89,Closed Lost,2025-01-17,Clara White,0.73
77,Implementation - name,302,Education,15231.3,Closed Won,2023-11-13,Bob Smith,0.55
78,Contract - total,811,Education,44306.35,Closed Won,2024-09-17,Alice Johnson,0.62
79,Subscription - customer,887,Education,40110.68,Closed Won,2023-12-04,Alice Johnson,0.36
80,Subscription - kid,746,Manufacturing,9226.08,Qualification,2025-02-17,Clara White,0.69
81,Upgrade - record,75,Marketing,7483.39,Proposal Sent,2023-09-17,Alice Johnson,0.65
82,Contract - some,139,E-commerce,5568.76,Negotiation,2024-08-27,Clara White,0.3
83,Subscription - dream,689,Finance,45948.99,Closed Won,2024-06-12,Clara White,0.55
84,Subscription - local,643,Education,40009.51,Proposal Sent,2023-02-27,Bob Smith,0.67
85,Consulting - practice,493,E-commerce,7958.18,Closed Lost,2023-09-12,Clara White,0.27
86,Upgrade - project,407,Manufacturing,42308.67,Closed Won,2024-07-20,Alice Johnson,0.56
87,Implementation - prove,233,Technology,92296.12,Prospecting,2025-05-07,Bob Smith,0.82
88,Subscription - list,581,E-commerce,12389.74,Closed Lost,2024-10-08,Alice Johnson,0.38
89,Subscription - true,779,E-commerce,11034.86,Closed Won,2023-12-31,Daniel Green,0.27
90,Contract - live,189,Finance,30353.12,Prospecting,2024-04-30,Bob Smith,0.54
91,Contract - term,687,Finance,31154.98,Closed Lost,2025-07-20,Alice Johnson,0.6
92,Implementation - economic,290,Manufacturing,38966.74,Negotiation,2025-04-22,Eva Brown,0.43
93,Implementation - shake,371,Manufacturing,39558.74,Closed Won,2024-01-04,Alice Johnson,0.43
94,Subscription - hundred,649,Technology,80736.96,Prospecting,2025-05-03,Alice Johnson,0.76
95,Subscription - television,779,E-commerce,8344.4,Closed Won,2025-08-03,Bob Smith,0.47
96,Consulting - involve,36,Manufacturing,7603.62,Closed Won,2023-08-01,Eva Brown,0.41
97,Consulting - pay,971,Manufacturing,45919.56,Closed Lost,2024-12-20,Alice Johnson,0.54
98,Implementation - certain,674,Finance,45765.81,Closed Lost,2024-11-11,Clara White,0.52
99,Subscription - fight,69,Healthcare,26401.12,Proposal Sent,2025-09-03,Clara White,0.57
100,Upgrade - drug,319,Healthcare,30054.08,Closed Lost,2024-07-05,Clara White,0.6
101,Implementation - bank,955,Finance,78301.11,Negotiation,2023-04-07,Alice Johnson,0.85
102,Subscription - manage,823,Manufacturing,46191.33,Prospecting,2024-08-19,Alice Johnson,0.3
103,Subscription - possible,179,Finance,45559.25,Closed Won,2024-03-29,Daniel Green,0.57
104,Upgrade - type,718,Technology,77866.18,Closed Won,2024-04-19,Clara White,0.93
105,Contract - table,135,Education,39042.35,Closed Won,2023-03-11,Alice Johnson,0.35
106,Consulting - call,263,Finance,74737.11,Closed Won,2024-03-10,Clara White,0.84
107,Implementation - health,55,E-commerce,6205.55,Prospecting,2025-08-15,Bob Smith,0.5
108,Subscription - of,428,Marketing,5179.06,Proposal Sent,2024-09-14,Eva Brown,0.59
109,Upgrade - ok,692,Finance,42021.77,Negotiation,2023-01-17,Alice Johnson,0.77
110,Subscription - interest,770,E-commerce,8960.82,Proposal Sent,2025-02-03,Eva Brown,0.44
111,Subscription - can,401,Marketing,14712.08,Proposal Sent,2023-06-24,Bob Smith,0.43
112,Contract - remain,168,Manufacturing,34650.65,Closed Lost,2024-02-21,Alice Johnson,0.47
113,Implementation - support,929,Technology,75706.83,Qualification,2024-01-29,Bob Smith,0.68
114,Implementation - goal,677,Technology,82131.92,Prospecting,2025-07-20,Eva Brown,0.94
115,Implementation - attack,185,Manufacturing,31228.08,Negotiation,2024-03-27,Alice Johnson,0.43
116,Consulting - protect,383,Education,14863.11,Proposal Sent,2023-05-28,Alice Johnson,0.35
117,Contract - ago,515,Education,18040.55,Closed Won,2024-11-04,Clara White,0.48
118,Implementation - yeah,166,Finance,75087.78,Closed Won,2023-04-09,Eva Brown,0.76
119,Contract - product,295,Technology,53953.37,Proposal Sent,2025-05-27,Clara White,0.69
120,Upgrade - event,354,E-commerce,6564.55,Negotiation,2025-09-17,Bob Smith,0.21
121,Contract - arm,297,Marketing,38490.84,Closed Lost,2023-10-03,Daniel Green,0.37
122,Consulting - strong,750,Manufacturing,29539.85,Prospecting,2024-04-28,Eva Brown,0.45
123,Upgrade - movie,592,Manufacturing,14332.44,Closed Lost,2024-02-16,Eva Brown,0.43
124,Upgrade - single,145,Manufacturing,14831.2,Closed Won,2024-01-05,Clara White,0.65
125,Contract - billion,31,Education,29296.04,Negotiation,2023-11-12,Bob Smith,0.31
126,Contract - as,942,Education,45357.79,Qualification,2025-02-24,Bob Smith,0.4
127,Upgrade - make,151,Marketing,10219.46,Proposal Sent,2023-06-01,Alice Johnson,0.68
128,Consulting - bag,902,E-commerce,5403.98,Prospecting,2024-01-07,Eva Brown,0.39
129,Contract - bar,85,Manufacturing,27083.35,Prospecting,2025-09-16,Clara White,0.39
130,Upgrade - eight,979,Finance,43529.64,Qualification,2025-06-28,Clara White,0.7
131,Subscription - build,643,Education,20889.29,Negotiation,2023-11-26,Alice Johnson,0.42
132,Contract - thousand,260,Healthcare,38616.49,Proposal Sent,2025-09-28,Alice Johnson,0.46
133,Consulting - often,415,Education,47527.65,Closed Lost,2023-12-20,Daniel Green,0.52
134,Consulting - effort,862,Education,25240.19,Qualification,2025-05-20,Eva Brown,0.39
135,Upgrade - exactly,216,Education,16758.75,Proposal Sent,2023-07-12,Daniel Green,0.36
136,Implementation - strong,976,Education,30887.71,Qualification,2024-08-21,Clara White,0.63
137,Upgrade - leave,927,Finance,66516.28,Closed Lost,2023-10-12,Clara White,0.71
138,Subscription - when,472,Finance,65145.17,Closed Lost,2023-11-13,Eva Brown,0.72
139,Implementation - modern,502,Manufacturing,49621.24,Closed Lost,2023-03-07,Alice Johnson,0.62
140,Upgrade - form,827,Healthcare,59902.5,Closed Lost,2024-08-05,Bob Smith,0.54
141,Implementation - result,952,Finance,36668.54,Negotiation,2024-05-17,Clara White,0.6
142,Contract - hear,952,Finance,35248.28,Qualification,2023-03-01,Eva Brown,0.59
143,Contract - share,363,Education,6829.98,Prospecting,2024-03-09,Bob Smith,0.56
144,Upgrade - state,197,Marketing,24381.95,Qualification,2023-02-07,Bob Smith,0.41
145,Contract - century,627,E-commerce,10557.52,Closed Won,2025-06-25,Daniel Green,0.3
146,Subscription - hard,127,Healthcare,29501.43,Negotiation,2023-02-04,Daniel Green,0.64
147,Implementation - artist,720,Marketing,13509.75,Closed Won,2024-06-30,Alice Johnson,0.67
148,Contract - many,523,E-commerce,7008.55,Qualification,2024-02-20,Alice Johnson,0.47
149,Subscription - his,439,Manufacturing,49985.05,Closed Lost,2025-04-07,Bob Smith,0.41
150,Contract - even,872,Manufacturing,5810.61,Closed Won,2024-10-14,Daniel Green,0.32
151,Upgrade - win,155,Manufacturing,14436.07,Closed Won,2024-10-30,Eva Brown,0.52
152,Consulting - bag,418,Education,18656.12,Negotiation,2023-10-20,Alice Johnson,0.4
153,Subscription - despite,64,Manufacturing,36679.99,Qualification,2023-04-15,Daniel Green,0.6
154,Upgrade - old,229,Technology,61659.6,Negotiation,2023-03-12,Daniel Green,0.92
155,Upgrade - ability,853,Finance,57304.75,Proposal Sent,2024-08-21,Eva Brown,0.57
156,Contract - rich,252,Education,22781.52,Prospecting,2024-09-19,Daniel Green,0.59
157,Contract - increase,897,Healthcare,51567.46,Closed Won,2023-10-23,Eva Brown,0.5
158,Implementation - significant,294,Healthcare,56750.4,Qualification,2024-09-14,Alice Johnson,0.61
159,Implementation - art,337,Healthcare,50993.31,Prospecting,2025-06-01,Daniel Green,0.55
160,Consulting - its,690,Manufacturing,49951.37,Qualification,2025-05-14,Alice Johnson,0.31
161,Consulting - young,223,Finance,45196.03,Proposal Sent,2024-08-15,Alice Johnson,0.63
162,Upgrade - may,405,Education,24459.47,Negotiation,2023-04-02,Daniel Green,0.4
163,Contract - talk,114,Manufacturing,28145.47,Closed Lost,2023-12-06,Bob Smith,0.63
164,Upgrade - none,309,Technology,99668.45,Qualification,2025-02-15,Clara White,0.92
165,Upgrade - region,276,Education,39730.17,Negotiation,2025-06-25,Clara White,0.67
166,Subscription - include,414,Education,7557.77,Qualification,2023-06-09,Eva Brown,0.55
167,Implementation - ok,801,Finance,39846.24,Closed Won,2023-03-02,Daniel Green,0.78
168,Contract - month,51,Finance,45228.18,Closed Lost,2025-03-11,Eva Brown,0.71
169,Consulting - down,679,Finance,48354.48,Negotiation,2024-03-04,Eva Brown,0.63
170,Subscription - long,667,Marketing,17601.68,Negotiation,2025-07-12,Bob Smith,0.56
171,Implementation - early,345,Manufacturing,33185.23,Proposal Sent,2023-06-04,Eva Brown,0.68
172,Subscription - pretty,914,Education,24627.97,Closed Won,2023-10-01,Alice Johnson,0.68
173,Implementation - add,969,Education,13041.26,Closed Lost,2024-11-17,Alice Johnson,0.4
174,Contract - happy,40,Finance,41260.52,Closed Won,2024-04-29,Eva Brown,0.56
175,Upgrade - water,25,Manufacturing,20450.56,Negotiation,2024-03-14,Clara White,0.63
176,Implementation - born,992,Marketing,38146.88,Proposal Sent,2023-05-20,Eva Brown,0.55
177,Subscription - spend,160,Technology,79998.91,Closed Won,2023-10-28,Alice Johnson,0.92
178,Consulting - wish,757,Manufacturing,28777.82,Negotiation,2024-09-14,Alice Johnson,0.59
179,Consulting - word,912,Education,32926.84,Closed Lost,2023-09-17,Daniel Green,0.34
180,Consulting - agent,315,Finance,52008.71,Closed Lost,2025-02-16,Alice Johnson,0.5
181,Consulting - of,215,E-commerce,7605.29,Negotiation,2024-12-05,Eva Brown,0.2
182,Contract - focus,638,Marketing,44795.49,Closed Lost,2024-02-07,Bob Smith,0.41
183,Consulting - Democrat,556,Technology,71893.59,Proposal Sent,2025-04-11,Alice Johnson,0.9
184,Implementation - tonight,504,Marketing,24358.19,Closed Lost,2024-10-12,Bob Smith,0.36
185,Consulting - ten,874,Healthcare,38254.06,Prospecting,2025-02-14,Daniel Green,0.51
186,Consulting - area,930,Healthcare,21025.88,Negotiation,2025-08-04,Bob Smith,0.62
187,Implementation - recent,350,Marketing,7702.6,Prospecting,2025-01-18,Daniel Green,0.4
188,Implementation - explain,818,Technology,64459.19,Prospecting,2023-01-26,Daniel Green,0.83
189,Consulting - north,110,E-commerce,5376.14,Negotiation,2023-02-11,Clara White,0.39
190,Upgrade - modern,624,Education,48370.77,Negotiation,2024-09-03,Eva Brown,0.43
191,Contract - want,806,Healthcare,39497.6,Negotiation,2024-12-31,Alice Johnson,0.48
192,Subscription - hit,839,Healthcare,37672.49,Negotiation,2024-10-27,Clara White,0.55
193,Subscription - sometimes,165,Healthcare,21155.52,Prospecting,2023-09-13,Eva Brown,0.44
194,Implementation - outside,406,Education,25203.7,Proposal Sent,2024-03-13,Clara White,0.68
195,Contract - against,479,Healthcare,54520.39,Closed Won,2025-03-11,Bob Smith,0.41
196,Consulting - main,115,Technology,90469.68,Proposal Sent,2025-07-11,Bob Smith,0.81
197,Subscription - for,760,Education,14391.65,Closed Won,2023-11-22,Alice Johnson,0.54
198,Upgrade - over,748,E-commerce,1267.2,Closed Lost,2024-04-23,Daniel Green,0.2
199,Consulting - foot,165,Healthcare,29434.48,Negotiation,2025-01-27,Bob Smith,0.52
200,Implementation - drive,560,Manufacturing,13258.35,Prospecting,2023-04-10,Daniel Green,0.44
201,Contract - when,341,E-commerce,10924.68,Closed Lost,2023-03-11,Alice Johnson,0.28
202,Consulting - try,500,Education,32511.08,Negotiation,2024-05-26,Alice Johnson,0.36
203,Implementation - smile,865,Healthcare,48237.66,Negotiation,2023-09-25,Alice Johnson,0.46
204,Consulting - effort,669,Technology,93294.52,Closed Lost,2024-08-10,Alice Johnson,0.7
205,Consulting - produce,4,Technology,82951.16,Prospecting,2025-05-21,Alice Johnson,0.65
206,Contract - guess,391,Healthcare,34627.79,Qualification,2023-01-24,Bob Smith,0.69
207,Implementation - candidate,6,Marketing,12588.62,Prospecting,2024-08-23,Alice Johnson,0.59
208,Consulting - big,846,Manufacturing,42337.04,Prospecting,2023-05-17,Clara White,0.47
209,Contract - such,677,Technology,53180.8,Negotiation,2023-11-04,Clara White,0.91
210,Subscription - draw,569,Finance,55477.8,Prospecting,2023-08-28,Alice Johnson,0.5
211,Upgrade - occur,719,Education,34032.35,Closed Won,2025-07-14,Daniel Green,0.67
212,Upgrade - government,434,Healthcare,57425.46,Closed Won,2025-05-03,Bob Smith,0.6
213,Subscription - road,968,Marketing,11077.6,Proposal Sent,2023-03-27,Bob Smith,0.66
214,Upgrade - fact,733,Education,38522.97,Negotiation,2025-04-07,Daniel Green,0.51
215,Contract - lose,1000,Marketing,12696.04,Negotiation,2023-09-11,Alice Johnson,0.59
216,Contract - go,487,Education,6267.77,Closed Won,2025-07-20,Alice Johnson,0.54
217,Consulting - plant,879,Finance,38966.78,Closed Won,2024-11-12,Clara White,0.67
218,Implementation - great,172,Technology,91351.51,Qualification,2024-07-13,Clara White,0.94
219,Subscription - main,580,Technology,82657.68,Proposal Sent,2025-01-05,Eva Brown,0.66
220,Subscription - nature,934,Education,16321.24,Closed Won,2023-11-16,Daniel Green,0.55
221,Contract - kind,145,Manufacturing,49206.27,Prospecting,2024-03-17,Daniel Green,0.36
222,Consulting - seek,223,Finance,69304.56,Closed Won,2023-10-14,Clara White,0.51
223,Implementation - old,902,E-commerce,5769.92,Closed Lost,2024-07-25,Clara White,0.38
224,Contract - four,53,Healthcare,56588.56,Proposal Sent,2024-06-04,Alice Johnson,0.62
225,Contract - fine,94,Technology,56488.13,Proposal Sent,2025-06-11,Alice Johnson,0.73
226,Contract - commercial,547,Technology,79194.96,Prospecting,2025-09-20,Bob Smith,0.89
227,Upgrade - figure,773,Education,21263.04,Proposal Sent,2025-08-19,Bob Smith,0.69
228,Subscription - someone,91,Healthcare,53265.78,Qualification,2023-06-20,Eva Brown,0.6
229,Contract - teacher,962,Technology,51099.17,Prospecting,2025-02-01,Bob Smith,0.6
230,Implementation - anything,367,Finance,67732.82,Closed Lost,2024-03-29,Daniel Green,0.68
231,Implementation - finally,956,Healthcare,29128.69,Closed Lost,2025-09-04,Alice Johnson,0.71
232,Contract - tell,868,Finance,45046.63,Qualification,2024-07-01,Clara White,0.8
233,Contract - section,114,Manufacturing,26680.17,Negotiation,2023-12-13,Alice Johnson,0.31
234,Subscription - exactly,136,Healthcare,31629.6,Prospecting,2025-09-03,Clara White,0.59
235,Subscription - none,517,E-commerce,3303.36,Proposal Sent,2023-07-20,Clara White,0.45
236,Implementation - child,949,Finance,75208.65,Proposal Sent,2023-04-23,Bob Smith,0.56
237,Implementation - game,718,Technology,91861.19,Closed Won,2025-07-16,Bob Smith,0.63
238,Subscription - inside,574,Finance,42915.9,Closed Won,2025-08-29,Alice Johnson,0.64
239,Upgrade - similar,811,Education,27900.83,Closed Won,2025-08-08,Clara White,0.36
240,Upgrade - people,264,Manufacturing,14150.66,Closed Lost,2024-01-20,Clara White,0.36
241,Subscription - woman,379,Education,33822.17,Prospecting,2024-01-17,Alice Johnson,0.5
242,Subscription - dog,345,Manufacturing,18204.39,Proposal Sent,2025-06-14,Alice Johnson,0.67
243,Upgrade - there,480,Technology,70923.41,Prospecting,2025-02-11,Clara White,0.85
244,Consulting - far,913,E-commerce,2963.94,Closed Won,2023-12-17,Eva Brown,0.38
245,Consulting - resource,914,Education,41170.64,Proposal Sent,2025-06-11,Bob Smith,0.62
246,Consulting - camera,541,Marketing,23476.37,Closed Won,2023-10-28,Alice Johnson,0.32
247,Implementation - include,2,Manufacturing,22408.33,Closed Lost,2023-12-22,Alice Johnson,0.57
248,Contract - president,131,Education,36568.13,Closed Lost,2023-07-09,Alice Johnson,0.64
249,Upgrade - week,444,Manufacturing,41576.22,Prospecting,2024-03-28,Clara White,0.41
250,Upgrade - improve,46,Marketing,23824.82,Closed Won,2023-03-16,Alice Johnson,0.47
251,Implementation - as,316,Marketing,47927.39,Prospecting,2025-07-02,Clara White,0.69
252,Upgrade - might,724,Marketing,32149.27,Closed Won,2024-10-20,Daniel Green,0.37
253,Subscription - let,473,Manufacturing,5620.29,Closed Won,2025-03-05,Alice Johnson,0.55
254,Implementation - may,27,Education,7013.16,Closed Won,2023-09-10,Alice Johnson,0.67
255,Contract - read,9,Technology,90564.29,Closed Won,2025-02-27,Alice Johnson,0.66
256,Subscription - deal,703,Technology,94773.28,Qualification,2024-02-19,Eva Brown,0.85
257,Consulting - significant,837,Manufacturing,45222.29,Proposal Sent,2025-04-18,Eva Brown,0.44
258,Implementation - half,328,E-commerce,7701.77,Proposal Sent,2025-02-01,Clara White,0.3
259,Implementation - both,502,Manufacturing,6165.82,Negotiation,2023-02-19,Daniel Green,0.55
260,Implementation - good,651,E-commerce,11868.42,Proposal Sent,2023-01-26,Eva Brown,0.34
261,Upgrade - show,260,Healthcare,39250.98,Qualification,2025-09-05,Clara White,0.52
262,Consulting - respond,177,Marketing,37211.08,Closed Won,2024-02-03,Eva Brown,0.64
263,Implementation - center,995,E-commerce,2930.73,Negotiation,2024-12-08,Clara White,0.26
264,Upgrade - wide,59,Manufacturing,47429.44,Qualification,2023-06-21,Clara White,0.5
265,Implementation - enjoy,54,Education,42913.26,Negotiation,2024-07-26,Clara White,0.33
266,Contract - husband,663,E-commerce,4427.88,Proposal Sent,2024-07-08,Eva Brown,0.32
267,Subscription - we,232,Healthcare,58583.02,Qualification,2024-07-12,Bob Smith,0.56
268,Implementation - responsibility,461,Manufacturing,16206.17,Closed Won,2025-03-15,Alice Johnson,0.67
269,Subscription - increase,235,E-commerce,9606.05,Closed Lost,2023-12-11,Bob Smith,0.49
270,Consulting - government,46,Marketing,37143.87,Closed Won,2024-05-02,Alice Johnson,0.39
271,Upgrade - television,504,Marketing,22180.57,Negotiation,2025-01-20,Eva Brown,0.67
272,Upgrade - question,334,Marketing,26855.95,Qualification,2025-01-11,Eva Brown,0.47
273,Upgrade - probably,202,Education,48578.81,Closed Won,2023-11-06,Alice Johnson,0.48
274,Implementation - child,879,Finance,58321.8,Proposal Sent,2024-05-07,Eva Brown,0.7
275,Subscription - together,474,Healthcare,36462.14,Negotiation,2025-07-02,Alice Johnson,0.43
276,Subscription - heart,984,Manufacturing,35564.54,Proposal Sent,2023-03-15,Alice Johnson,0.5
277,Consulting - wind,160,Technology,59066.56,Closed Won,2025-09-05,Alice Johnson,0.92
278,Upgrade - play,589,Finance,39313.33,Prospecting,2025-03-12,Bob Smith,0.66
279,Implementation - would,603,Technology,81112.19,Closed Lost,2025-09-02,Alice Johnson,0.71
280,Upgrade - front,135,Education,29808.57,Prospecting,2023-03-26,Daniel Green,0.53
281,Upgrade - edge,489,Healthcare,35131.25,Closed Lost,2023-10-18,Eva Brown,0.75
282,Subscription - maybe,84,E-commerce,4008.76,Negotiation,2023-06-29,Clara White,0.3
283,Consulting - throughout,877,Healthcare,37145.6,Closed Won,2024-11-23,Eva Brown,0.67
284,Consulting - hospital,729,Education,25824.27,Closed Won,2025-01-10,Eva Brown,0.48
285,Consulting - send,74,Marketing,16202.11,Qualification,2025-04-02,Clara White,0.53
286,Consulting - finish,782,Marketing,19605.78,Proposal Sent,2023-04-04,Bob Smith,0.48
287,Contract - although,440,E-commerce,14354.67,Qualification,2023-04-04,Clara White,0.39
288,Subscription - Mr,294,Healthcare,42201.0,Negotiation,2025-04-02,Daniel Green,0.64
289,Subscription - offer,222,Technology,55287.94,Closed Lost,2025-08-18,Bob Smith,0.87
290,Contract - nation,742,Marketing,19920.73,Qualification,2024-05-14,Daniel Green,0.37
291,Implementation - up,768,Education,32474.34,Negotiation,2024-12-10,Bob Smith,0.69
292,Upgrade - person,994,Marketing,23389.02,Closed Lost,2024-10-08,Alice Johnson,0.31
293,Subscription - simply,91,Healthcare,54633.47,Qualification,2024-03-25,Eva Brown,0.49
294,Contract - seem,236,Manufacturing,33429.23,Closed Won,2025-08-31,Clara White,0.53
295,Upgrade - need,88,Technology,85182.49,Prospecting,2023-09-08,Eva Brown,0.85
296,Subscription - wife,690,Manufacturing,23278.78,Closed Won,2025-07-20,Alice Johnson,0.44
297,Contract - market,960,Manufacturing,39784.75,Proposal Sent,2025-07-27,Alice Johnson,0.36
298,Implementation - interest,329,Healthcare,28806.54,Closed Lost,2025-04-17,Daniel Green,0.65
299,Implementation - order,781,E-commerce,14771.51,Prospecting,2025-07-25,Alice Johnson,0.46
300,Consulting - worry,128,Education,26240.0,Proposal Sent,2025-07-14,Bob Smith,0.64
301,Implementation - unit,313,Manufacturing,30881.04,Closed Won,2023-08-10,Alice Johnson,0.49
302,Subscription - shoulder,879,Finance,59830.43,Closed Won,2023-05-27,Eva Brown,0.81
303,Consulting - very,878,Finance,36054.97,Prospecting,2025-04-23,Clara White,0.65
304,Contract - pull,596,Manufacturing,40669.61,Closed Lost,2025-03-17,Bob Smith,0.65
305,Subscription - bank,452,Marketing,39103.39,Proposal Sent,2024-02-02,Clara White,0.6
306,Contract - read,173,Healthcare,50891.86,Proposal Sent,2025-07-14,Alice Johnson,0.5
307,Implementation - him,679,Finance,39802.69,Closed Lost,2024-04-13,Clara White,0.53
308,Implementation - develop,8,Education,10810.6,Prospecting,2025-04-29,Bob Smith,0.66
309,Subscription - prove,932,Marketing,44320.08,Closed Won,2023-05-26,Bob Smith,0.37
310,Consulting - old,574,Finance,78490.41,Qualification,2024-07-19,Alice Johnson,0.64
311,Consulting - identify,65,Education,16609.95,Negotiation,2025-09-14,Bob Smith,0.32
312,Upgrade - pass,726,Technology,78630.68,Closed Won,2023-12-07,Bob Smith,0.66
313,Implementation - near,319,Healthcare,39685.64,Closed Lost,2025-05-27,Clara White,0.69
314,Contract - draw,447,Finance,71922.3,Prospecting,2025-04-15,Clara White,0.74
315,Contract - direction,581,E-commerce,7298.29,Closed Won,2023-10-07,Bob Smith,0.49
316,Contract - few,117,E-commerce,13672.17,Closed Lost,2024-11-10,Eva Brown,0.33
317,Upgrade - serve,589,Finance,71653.05,Proposal Sent,2024-04-11,Daniel Green,0.82
318,Implementation - close,601,E-commerce,14596.43,Closed Won,2024-10-04,Bob Smith,0.24
319,Contract - next,366,Marketing,35951.64,Proposal Sent,2023-01-05,Daniel Green,0.33
320,Contract - politics,815,Education,48192.03,Closed Won,2023-06-02,Alice Johnson,0.38
321,Implementation - kitchen,878,Finance,64183.1,Prospecting,2023-06-09,Alice Johnson,0.56
322,Contract - difference,104,Education,49297.8,Negotiation,2024-10-01,Alice Johnson,0.6
323,Implementation - as,221,Healthcare,50553.49,Closed Won,2025-08-23,Clara White,0.48
324,Upgrade - drive,57,Manufacturing,31357.2,Closed Won,2025-02-02,Eva Brown,0.39
325,Implementation - song,144,Healthcare,42625.85,Qualification,2025-03-23,Daniel Green,0.48
326,Implementation - piece,660,Manufacturing,5988.26,Negotiation,2024-01-12,Bob Smith,0.56
327,Subscription - role,408,Marketing,42649.33,Proposal Sent,2023-01-21,Clara White,0.55
328,Subscription - weight,580,Technology,55710.63,Negotiation,2023-01-22,Alice Johnson,0.72
329,Consulting - interest,723,Healthcare,42486.67,Prospecting,2024-01-14,Alice Johnson,0.72
330,Subscription - allow,292,Education,38444.67,Prospecting,2024-05-28,Daniel Green,0.43
331,Implementation - term,508,E-commerce,1561.12,Closed Won,2023-06-01,Alice Johnson,0.34
332,Consulting - stay,73,Technology,85217.9,Prospecting,2024-09-30,Clara White,0.72
333,Subscription - grow,163,Healthcare,39996.36,Negotiation,2024-02-08,Clara White,0.7
334,Implementation - eat,879,Finance,65422.89,Qualification,2024-06-10,Eva Brown,0.55
335,Contract - alone,90,Healthcare,23542.38,Closed Won,2024-06-09,Bob Smith,0.4
336,Contract - alone,805,Manufacturing,24676.26,Closed Won,2023-10-09,Alice Johnson,0.45
337,Implementation - explain,388,E-commerce,3462.91,Closed Won,2025-03-11,Clara White,0.32
338,Contract - clear,871,Education,28135.71,Proposal Sent,2024-01-12,Alice Johnson,0.61
339,Subscription - alone,386,Finance,55083.51,Qualification,2023-03-23,Alice Johnson,0.7
340,Contract - anything,277,Manufacturing,23827.11,Qualification,2023-04-08,Eva Brown,0.48
341,Implementation - law,418,Education,5407.08,Prospecting,2024-03-03,Alice Johnson,0.51
342,Contract - institution,774,Healthcare,46992.39,Prospecting,2023-09-14,Alice Johnson,0.49
343,Contract - daughter,294,Healthcare,54395.42,Closed Won,2025-04-22,Alice Johnson,0.47
344,Upgrade - message,192,Technology,83305.16,Closed Lost,2023-07-31,Eva Brown,0.65
345,Upgrade - central,368,Finance,32419.6,Negotiation,2024-08-10,Daniel Green,0.61
346,Subscription - while,862,Education,46934.04,Closed Lost,2023-11-21,Clara White,0.65
347,Upgrade - company,624,Education,20692.81,Negotiation,2024-12-24,Bob Smith,0.59
348,Implementation - statement,375,Healthcare,33754.68,Proposal Sent,2023-01-27,Daniel Green,0.63
349,Implementation - fire,703,Technology,70333.45,Prospecting,2023-08-11,Bob Smith,0.74
350,Contract - long,310,Finance,54851.67,Prospecting,2024-02-01,Bob Smith,0.73
351,Contract - rise,584,Technology,61768.15,Closed Won,2023-06-16,Daniel Green,0.66
352,Contract - professional,982,E-commerce,10872.8,Closed Won,2023-02-08,Alice Johnson,0.43
353,Contract - stay,299,Technology,72366.58,Prospecting,2023-08-17,Eva Brown,0.93
354,Upgrade - past,294,Healthcare,35192.66,Prospecting,2025-01-14,Eva Brown,0.41
355,Consulting - turn,17,Finance,74740.59,Proposal Sent,2025-09-24,Daniel Green,0.5
356,Contract - administration,17,Finance,70977.1,Prospecting,2023-03-04,Bob Smith,0.54
357,Contract - describe,845,Finance,46400.73,Negotiation,2023-06-07,Daniel Green,0.63
358,Consulting - energy,928,Technology,97328.94,Proposal Sent,2024-02-13,Bob Smith,0.61
359,Implementation - security,433,Technology,66200.08,Closed Won,2025-09-23,Eva Brown,0.78
360,Upgrade - today,951,Finance,62588.14,Proposal Sent,2024-05-15,Eva Brown,0.79
361,Implementation - administration,176,Technology,72276.45,Closed Lost,2024-01-01,Alice Johnson,0.95
362,Subscription - thus,691,E-commerce,5073.79,Closed Won,2024-10-05,Clara White,0.49
363,Contract - draw,619,Manufacturing,42887.03,Proposal Sent,2024-04-15,Eva Brown,0.35
364,Consulting - similar,42,E-commerce,3645.62,Closed Lost,2024-06-20,Daniel Green,0.23
365,Subscription - man,203,Manufacturing,43276.14,Prospecting,2025-04-15,Alice Johnson,0.52
366,Consulting - paper,925,Healthcare,37315.44,Negotiation,2023-08-27,Alice Johnson,0.49
367,Contract - physical,590,Education,8804.79,Proposal Sent,2023-05-15,Bob Smith,0.6
368,Upgrade - dream,385,Education,31687.78,Prospecting,2023-02-22,Bob Smith,0.55
369,Subscription - vote,340,Finance,59927.83,Closed Won,2025-07-19,Bob Smith,0.77
370,Upgrade - usually,386,Finance,60759.0,Prospecting,2024-09-22,Clara White,0.62
371,Contract - from,684,Education,33643.52,Proposal Sent,2025-07-16,Bob Smith,0.52
372,Contract - provide,280,Manufacturing,41317.34,Closed Lost,2025-07-17,Clara White,0.3
373,Contract - bank,975,Finance,62716.74,Closed Lost,2023-10-01,Clara White,0.83
374,Consulting - face,819,Technology,57096.37,Closed Lost,2023-10-04,Alice Johnson,0.65
375,Subscription - case,779,E-commerce,14395.83,Closed Won,2025-05-31,Bob Smith,0.47
376,Contract - fear,597,E-commerce,5883.98,Negotiation,2024-06-23,Clara White,0.41
377,Upgrade - best,916,Technology,62508.38,Closed Lost,2023-08-27,Eva Brown,0.92
378,Subscription - field,427,Technology,84821.79,Closed Lost,2024-10-11,Alice Johnson,0.93
379,Consulting - prove,873,Marketing,31369.36,Negotiation,2024-12-30,Clara White,0.38
380,Implementation - free,311,Education,9244.4,Negotiation,2023-12-04,Clara White,0.33
381,Subscription - contain,697,Healthcare,58621.2,Negotiation,2023-02-24,Daniel Green,0.62
382,Consulting - reach,7,Finance,64114.74,Proposal Sent,2023-02-18,Alice Johnson,0.63
383,Contract - reflect,389,Education,22029.74,Proposal Sent,2025-02-12,Clara White,0.54
384,Implementation - himself,500,Education,28654.93,Qualification,2023-07-21,Alice Johnson,0.54
385,Contract - option,797,Education,19923.69,Closed Won,2024-04-21,Alice Johnson,0.6
386,Implementation - president,481,Manufacturing,25202.23,Closed Lost,2024-03-06,Daniel Green,0.51
387,Contract - happy,479,Healthcare,22319.03,Closed Won,2024-07-15,Clara White,0.66
388,Contract - again,375,Healthcare,41626.94,Proposal Sent,2025-07-07,Alice Johnson,0.66
389,Upgrade - store,192,Technology,72999.33,Prospecting,2023-08-14,Clara White,0.83
390,Upgrade - building,989,Healthcare,29186.58,Proposal Sent,2024-06-27,Alice Johnson,0.43
391,Upgrade - international,449,Technology,86391.99,Closed Won,2024-11-23,Eva Brown,0.88
392,Implementation - appear,202,Education,16527.09,Qualification,2024-02-07,Bob Smith,0.51
393,Upgrade - present,555,Technology,67792.01,Closed Lost,2024-11-13,Alice Johnson,0.61
394,Contract - north,312,Healthcare,26348.46,Closed Won,2024-10-10,Bob Smith,0.44
395,Contract - form,971,Manufacturing,41959.08,Negotiation,2023-09-01,Alice Johnson,0.67
396,Upgrade - term,667,Marketing,23472.79,Closed Won,2023-03-29,Alice Johnson,0.43
397,Subscription - generation,414,Education,43117.82,Negotiation,2024-07-20,Alice Johnson,0.68
398,Contract - race,395,Technology,95501.99,Closed Won,2025-03-30,Eva Brown,0.67
399,Consulting - design,525,Healthcare,44081.99,Qualification,2024-01-30,Bob Smith,0.52
400,Upgrade - also,844,Healthcare,26290.85,Negotiation,2024-07-24,Alice Johnson,0.47
401,Implementation - even,270,Manufacturing,13079.2,Closed Lost,2023-09-07,Alice Johnson,0.44
402,Implementation - authority,511,Education,23356.08,Negotiation,2024-03-10,Alice Johnson,0.53
403,Implementation - adult,267,Technology,54096.5,Negotiation,2024-04-12,Alice Johnson,0.67
404,Upgrade - whose,156,Technology,75728.3,Negotiation,2024-03-05,Alice Johnson,0.68
405,Consulting - soldier,553,Education,39833.83,Qualification,2024-07-16,Bob Smith,0.66
406,Implementation - above,920,Manufacturing,30543.11,Prospecting,2023-03-30,Bob Smith,0.32
407,Contract - physical,420,Marketing,34680.3,Negotiation,2023-11-20,Alice Johnson,0.36
408,Contract - maybe,348,Finance,61186.8,Qualification,2025-05-21,Daniel Green,0.79
409,Contract - their,621,Manufacturing,48657.71,Qualification,2023-06-16,Bob Smith,0.34
410,Implementation - board,513,Education,22760.45,Closed Won,2025-01-09,Bob Smith,0.45
411,Consulting - long,831,Marketing,5606.91,Prospecting,2024-06-09,Eva Brown,0.45
412,Subscription - hard,781,E-commerce,14632.93,Negotiation,2023-09-25,Alice Johnson,0.21
413,Implementation - skill,787,Manufacturing,25572.87,Prospecting,2023-05-29,Clara White,0.38
414,Consulting - certainly,228,E-commerce,14464.42,Qualification,2025-03-16,Eva Brown,0.28
415,Implementation - military,23,Manufacturing,5339.0,Proposal Sent,2025-09-14,Alice Johnson,0.55
416,Upgrade - throughout,136,Healthcare,48576.04,Closed Lost,2024-12-10,Clara White,0.54
417,Implementation - just,452,Marketing,32003.51,Closed Won,2024-11-08,Clara White,0.31
418,Contract - will,625,Education,10585.71,Qualification,2025-04-04,Eva Brown,0.7
419,Subscription - them,526,E-commerce,5678.36,Closed Lost,2023-12-07,Alice Johnson,0.33
420,Consulting - right,120,Marketing,33001.12,Closed Won,2024-11-12,Eva Brown,0.32
421,Consulting - news,510,Education,36707.31,Qualification,2025-09-25,Eva Brown,0.48
422,Contract - professional,938,Manufacturing,42708.98,Closed Won,2023-10-18,Clara White,0.69
423,Consulting - east,169,Education,24690.66,Proposal Sent,2023-01-12,Alice Johnson,0.65
424,Consulting - base,225,Healthcare,55955.29,Qualification,2025-07-29,Clara White,0.67
425,Upgrade - base,911,Technology,64799.53,Closed Won,2024-11-10,Clara White,0.9
426,Implementation - trade,665,Healthcare,44882.62,Qualification,2024-05-02,Daniel Green,0.64
427,Consulting - ahead,842,Marketing,5797.07,Qualification,2025-07-16,Clara White,0.42
428,Upgrade - run,772,Technology,69442.33,Closed Won,2024-11-27,Alice Johnson,0.6
429,Consulting - radio,275,Manufacturing,31926.17,Closed Won,2023-10-03,Alice Johnson,0.69
430,Contract - establish,548,E-commerce,9965.92,Qualification,2025-03-18,Clara White,0.33
431,Subscription - itself,760,Education,36220.45,Closed Won,2025-06-11,Daniel Green,0.69
432,Implementation - wife,405,Education,33042.23,Prospecting,2023-04-17,Clara White,0.4
433,Subscription - usually,653,Marketing,35841.09,Proposal Sent,2024-02-02,Bob Smith,0.48
434,Consulting - single,891,Manufacturing,49912.13,Closed Won,2023-11-10,Eva Brown,0.59
435,Subscription - structure,800,Education,43034.55,Prospecting,2023-09-06,Alice Johnson,0.58
436,Consulting - follow,85,Manufacturing,40695.61,Closed Lost,2023-08-12,Daniel Green,0.62
437,Contract - wrong,507,Technology,96358.65,Closed Lost,2023-08-13,Daniel Green,0.84
438,Contract - power,574,Finance,30708.66,Closed Won,2024-10-28,Daniel Green,0.76
439,Consulting - change,59,Manufacturing,8190.3,Prospecting,2025-05-02,Alice Johnson,0.34
440,Subscription - ability,907,E-commerce,1214.37,Closed Won,2025-09-26,Clara White,0.43
441,Consulting - conference,637,Healthcare,40971.09,Closed Won,2023-12-14,Eva Brown,0.67
442,Implementation - life,525,Healthcare,43222.9,Closed Lost,2024-12-03,Clara White,0.67
443,Consulting - military,351,Manufacturing,30153.21,Closed Lost,2024-09-16,Alice Johnson,0.33
444,Implementation - difference,237,Manufacturing,9082.73,Proposal Sent,2023-05-27,Eva Brown,0.69
445,Consulting - bit,160,Technology,64237.13,Negotiation,2025-09-27,Bob Smith,0.72
446,Contract - gas,943,Manufacturing,7890.57,Closed Lost,2023-10-26,Bob Smith,0.33
447,Consulting - none,100,Technology,53262.04,Proposal Sent,2024-05-27,Alice Johnson,0.78
448,Consulting - pretty,617,Education,45793.42,Closed Won,2023-10-11,Clara White,0.37
449,Contract - point,783,E-commerce,7841.08,Closed Lost,2024-01-26,Alice Johnson,0.32
450,Upgrade - science,921,Education,15576.83,Proposal Sent,2023-07-12,Clara White,0.5
451,Subscription - fall,636,Technology,56109.46,Proposal Sent,2024-02-22,Daniel Green,0.84
452,Implementation - campaign,551,E-commerce,2684.8,Closed Won,2023-07-29,Bob Smith,0.22
453,Implementation - seven,141,E-commerce,14508.86,Closed Won,2023-08-31,Alice Johnson,0.49
454,Subscription - group,281,Healthcare,35441.81,Negotiation,2024-02-28,Bob Smith,0.68
455,Upgrade - finally,771,Manufacturing,18043.72,Closed Won,2024-02-14,Eva Brown,0.61
456,Subscription - how,392,Marketing,44627.51,Proposal Sent,2025-04-16,Daniel Green,0.39
457,Contract - continue,487,Education,37884.25,Prospecting,2023-06-19,Clara White,0.54
458,Subscription - cell,798,Technology,57136.66,Qualification,2023-05-17,Bob Smith,0.8
459,Subscription - minute,486,Education,6284.77,Proposal Sent,2023-07-26,Bob Smith,0.31
460,Consulting - raise,766,Education,18359.79,Closed Lost,2023-11-06,Clara White,0.47
461,Subscription - table,180,Technology,64679.92,Proposal Sent,2023-09-18,Eva Brown,0.6
462,Consulting - feel,907,E-commerce,12848.22,Proposal Sent,2024-07-24,Alice Johnson,0.22
463,Consulting - space,263,Finance,46900.29,Qualification,2024-01-02,Clara White,0.73
464,Subscription - away,627,E-commerce,12824.11,Qualification,2025-06-02,Daniel Green,0.35
465,Upgrade - could,366,Marketing,8530.34,Negotiation,2024-06-22,Eva Brown,0.5
466,Subscription - rise,174,E-commerce,12039.9,Negotiation,2025-09-01,Alice Johnson,0.42
467,Upgrade - community,538,Manufacturing,5370.67,Closed Lost,2024-08-01,Alice Johnson,0.67
468,Consulting - thing,196,Marketing,6578.63,Closed Lost,2024-02-28,Alice Johnson,0.43
469,Upgrade - wear,677,Technology,88787.06,Prospecting,2024-01-01,Bob Smith,0.61
470,Upgrade - charge,867,Technology,94057.72,Negotiation,2025-05-02,Clara White,0.89
471,Contract - house,284,Technology,82563.14,Qualification,2023-02-20,Eva Brown,0.75
472,Upgrade - subject,672,Education,22403.12,Prospecting,2025-05-20,Daniel Green,0.46
473,Consulting - poor,642,Healthcare,43244.16,Negotiation,2023-04-10,Daniel Green,0.64
474,Contract - dog,284,Technology,96096.67,Negotiation,2024-12-07,Alice Johnson,0.79
475,Consulting - outside,869,Healthcare,27306.33,Negotiation,2023-05-30,Clara White,0.73
476,Subscription - stop,970,E-commerce,13666.93,Negotiation,2024-08-20,Daniel Green,0.22
477,Implementation - first,258,Marketing,26166.94,Closed Won,2023-09-22,Alice Johnson,0.32
478,Consulting - hospital,814,Manufacturing,8711.7,Qualification,2024-05-21,Alice Johnson,0.57
479,Subscription - miss,312,Healthcare,29953.9,Closed Lost,2024-11-07,Clara White,0.61
480,Contract - or,782,Marketing,36155.4,Closed Won,2024-02-11,Bob Smith,0.44
481,Subscription - part,382,Manufacturing,37980.12,Proposal Sent,2024-01-26,Alice Johnson,0.31
482,Upgrade - establish,49,Education,33283.53,Closed Won,2025-01-17,Daniel Green,0.51
483,Upgrade - against,701,Manufacturing,11959.94,Closed Won,2023-01-27,Alice Johnson,0.32
484,Implementation - huge,620,Marketing,26759.68,Negotiation,2023-10-03,Clara White,0.65
485,Consulting - morning,424,Technology,91066.03,Closed Won,2025-01-24,Alice Johnson,0.93
486,Upgrade - enter,494,Finance,38514.52,Closed Lost,2024-11-20,Clara White,0.51
487,Subscription - impact,375,Healthcare,59946.55,Prospecting,2024-04-09,Bob Smith,0.71
488,Upgrade - matter,441,Technology,75161.3,Proposal Sent,2023-09-25,Eva Brown,0.72
489,Upgrade - boy,425,Healthcare,55982.27,Qualification,2025-05-08,Clara White,0.5
490,Implementation - hand,569,Finance,77234.82,Qualification,2025-08-23,Clara White,0.76
491,Implementation - all,753,Manufacturing,23184.89,Closed Lost,2023-12-05,Daniel Green,0.58
492,Implementation - amount,759,E-commerce,10454.52,Closed Lost,2024-12-25,Alice Johnson,0.39
493,Consulting - reach,8,Education,6324.55,Closed Won,2023-05-17,Eva Brown,0.44
494,Subscription - section,927,Finance,66607.75,Qualification,2023-02-01,Clara White,0.75
495,Contract - democratic,505,Healthcare,45547.25,Negotiation,2023-01-02,Bob Smith,0.48
496,Consulting - send,918,Healthcare,27193.36,Proposal Sent,2023-05-11,Alice Johnson,0.5
497,Subscription - together,738,Manufacturing,37620.03,Closed Won,2023-04-02,Eva Brown,0.57
498,Consulting - five,292,Education,40365.69,Closed Lost,2024-12-07,Alice Johnson,0.54
499,Contract - animal,27,Education,41996.21,Negotiation,2025-02-07,Alice Johnson,0.58
500,Contract - evening,244,Finance,52937.5,Closed Won,2024-12-31,Eva Brown,0.78
501,Contract - local,345,Manufacturing,37384.23,Prospecting,2025-06-09,Bob Smith,0.32
502,Consulting - eat,146,Finance,61851.36,Prospecting,2024-08-15,Eva Brown,0.55
503,Subscription - table,391,Healthcare,54128.89,Negotiation,2023-02-05,Bob Smith,0.75
504,Upgrade - stuff,236,Manufacturing,38067.0,Closed Won,2024-05-27,Alice Johnson,0.53
505,Consulting - build,714,E-commerce,8910.44,Negotiation,2025-04-19,Alice Johnson,0.49
506,Subscription - any,600,Education,7095.97,Negotiation,2024-01-26,Alice Johnson,0.62
507,Consulting - respond,213,Technology,79386.71,Closed Won,2023-10-15,Alice Johnson,0.79
508,Consulting - central,246,Healthcare,22683.96,Qualification,2025-01-25,Bob Smith,0.43
509,Subscription - record,551,E-commerce,6516.73,Qualification,2024-04-22,Clara White,0.26
510,Implementation - professor,577,Manufacturing,23856.24,Negotiation,2024-02-12,Bob Smith,0.49
511,Contract - mother,943,Manufacturing,26544.16,Qualification,2023-05-08,Daniel Green,0.43
512,Contract - work,175,Marketing,33533.43,Negotiation,2024-08-30,Daniel Green,0.38
513,Upgrade - set,827,Healthcare,42689.51,Proposal Sent,2023-04-21,Bob Smith,0.56
514,Contract - food,597,E-commerce,13979.37,Qualification,2025-03-02,Bob Smith,0.38
515,Contract - pretty,478,Marketing,21978.99,Prospecting,2025-01-28,Eva Brown,0.51
516,Subscription - tonight,434,Healthcare,36371.37,Qualification,2024-03-18,Bob Smith,0.59
517,Upgrade - much,665,Healthcare,57558.84,Prospecting,2023-03-21,Bob Smith,0.62
518,Upgrade - evening,565,Manufacturing,27413.69,Closed Lost,2024-06-04,Alice Johnson,0.3
519,Contract - call,571,Healthcare,54317.93,Prospecting,2024-06-03,Bob Smith,0.65
520,Implementation - claim,417,Technology,85008.25,Qualification,2025-05-14,Alice Johnson,0.8
521,Contract - travel,807,Healthcare,37518.44,Prospecting,2025-08-26,Alice Johnson,0.48
522,Upgrade - left,114,Manufacturing,27582.08,Prospecting,2025-03-21,Daniel Green,0.36
523,Consulting - leave,800,Education,41022.42,Prospecting,2025-03-19,Clara White,0.44
524,Consulting - many,33,Marketing,46856.55,Closed Lost,2024-01-24,Bob Smith,0.55
525,Contract - interview,725,Finance,35589.11,Closed Lost,2023-05-03,Eva Brown,0.68
526,Upgrade - place,761,Healthcare,42226.15,Closed Lost,2023-09-13,Bob Smith,0.5
527,Subscription - him,752,E-commerce,7603.7,Closed Won,2023-01-30,Clara White,0.41
528,Contract - attention,425,Healthcare,32177.05,Proposal Sent,2024-04-23,Alice Johnson,0.47
529,Subscription - try,241,E-commerce,11942.51,Qualification,2024-07-29,Daniel Green,0.33
530,Consulting - ten,703,Technology,61210.88,Negotiation,2023-12-16,Eva Brown,0.7
531,Upgrade - president,909,Education,38097.06,Prospecting,2024-04-15,Bob Smith,0.38
532,Contract - wind,159,E-commerce,14127.05,Closed Lost,2025-04-20,Alice Johnson,0.33
533,Implementation - exactly,122,Education,21227.32,Proposal Sent,2023-08-11,Alice Johnson,0.49
534,Contract - tough,890,E-commerce,13489.17,Closed Lost,2025-03-17,Bob Smith,0.35
535,Subscription - six,228,E-commerce,4929.41,Qualification,2023-01-06,Bob Smith,0.45
536,Upgrade - four,519,Healthcare,46777.35,Closed Lost,2024-02-01,Alice Johnson,0.52
537,Consulting - can,527,Healthcare,30724.56,Qualification,2023-04-05,Alice Johnson,0.65
538,Subscription - daughter,659,Marketing,37074.56,Proposal Sent,2023-07-09,Clara White,0.39
539,Subscription - game,972,Marketing,14873.99,Negotiation,2025-01-12,Alice Johnson,0.46
540,Subscription - yourself,706,Finance,60885.32,Qualification,2023-02-19,Clara White,0.76
541,Contract - civil,42,E-commerce,2962.57,Closed Lost,2024-02-07,Bob Smith,0.21
542,Implementation - make,706,Finance,39210.0,Closed Lost,2025-06-07,Daniel Green,0.79
543,Consulting - field,492,Education,34670.06,Closed Won,2023-11-29,Alice Johnson,0.64
544,Upgrade - someone,34,Marketing,7647.22,Qualification,2024-06-07,Clara White,0.7
545,Consulting - many,191,Education,7522.75,Proposal Sent,2025-09-11,Eva Brown,0.34
546,Contract - source,189,Finance,74383.14,Negotiation,2025-03-04,Clara White,0.84
547,Contract - site,55,E-commerce,9208.03,Negotiation,2023-04-21,Alice Johnson,0.5
548,Upgrade - century,195,Manufacturing,11536.75,Negotiation,2024-11-26,Clara White,0.64
549,Consulting - accept,390,Finance,43595.89,Proposal Sent,2024-06-08,Daniel Green,0.77
550,Upgrade - material,383,Education,30084.08,Closed Lost,2023-04-12,Bob Smith,0.55
551,Implementation - box,11,E-commerce,13426.5,Negotiation,2024-11-13,Bob Smith,0.27
552,Consulting - force,605,Marketing,38324.55,Proposal Sent,2023-07-10,Daniel Green,0.55
553,Upgrade - responsibility,106,Healthcare,59870.61,Closed Won,2025-05-28,Bob Smith,0.51
554,Subscription - hundred,23,Manufacturing,25206.97,Closed Won,2025-01-01,Eva Brown,0.66
555,Subscription - street,943,Manufacturing,28741.47,Prospecting,2023-02-17,Bob Smith,0.4
556,Consulting - prove,240,Education,17023.3,Closed Won,2024-12-07,Alice Johnson,0.64
557,Consulting - establish,230,Education,45460.69,Negotiation,2024-12-23,Clara White,0.66
558,Upgrade - thousand,997,Education,8154.65,Closed Won,2024-11-07,Bob Smith,0.52
559,Upgrade - produce,157,Marketing,23677.77,Prospecting,2023-07-11,Eva Brown,0.35
560,Consulting - according,223,Finance,32666.94,Closed Lost,2025-03-31,Eva Brown,0.68
561,Implementation - method,487,Education,49637.4,Closed Lost,2023-11-20,Alice Johnson,0.58
562,Upgrade - positive,596,Manufacturing,35031.5,Prospecting,2024-05-18,Eva Brown,0.4
563,Upgrade - travel,560,Manufacturing,21564.62,Qualification,2025-06-25,Clara White,0.41
564,Consulting - analysis,724,Marketing,33653.32,Closed Lost,2023-03-30,Clara White,0.57
565,Subscription - oil,179,Finance,65632.04,Closed Won,2023-10-01,Daniel Green,0.59
566,Contract - evidence,328,E-commerce,5717.6,Negotiation,2023-12-08,Bob Smith,0.45
567,Implementation - technology,995,E-commerce,11036.63,Closed Lost,2024-10-27,Clara White,0.42
568,Consulting - project,85,Manufacturing,27096.44,Negotiation,2023-08-05,Daniel Green,0.35
569,Subscription - unit,136,Healthcare,31691.52,Proposal Sent,2024-02-09,Eva Brown,0.66
570,Contract - seek,446,Technology,64778.24,Proposal Sent,2023-05-06,Alice Johnson,0.64
571,Implementation - avoid,646,Marketing,8456.23,Proposal Sent,2023-05-24,Bob Smith,0.55
572,Implementation - describe,557,Marketing,14237.55,Closed Lost,2025-06-08,Bob Smith,0.69
573,Upgrade - doctor,609,Education,20378.75,Prospecting,2025-02-13,Daniel Green,0.4
574,Contract - receive,996,Marketing,25356.44,Prospecting,2024-01-22,Alice Johnson,0.53
575,Subscription - anyone,126,Healthcare,55072.17,Proposal Sent,2023-07-29,Eva Brown,0.43
576,Implementation - case,195,Manufacturing,20366.81,Proposal Sent,2025-07-28,Eva Brown,0.65
577,Subscription - food,757,Manufacturing,8330.23,Proposal Sent,2023-08-10,Alice Johnson,0.34
578,Implementation - charge,994,Marketing,29041.77,Closed Won,2023-12-07,Daniel Green,0.32
579,Subscription - cultural,671,Education,16961.0,Closed Won,2025-07-28,Alice Johnson,0.43
580,Contract - letter,193,Manufacturing,48964.37,Negotiation,2023-07-30,Bob Smith,0.58
581,Consulting - husband,287,Manufacturing,18456.55,Negotiation,2024-10-12,Clara White,0.68
582,Consulting - them,771,Manufacturing,15663.07,Proposal Sent,2023-03-16,Clara White,0.38
583,Upgrade - open,258,Marketing,48597.17,Closed Lost,2023-11-26,Bob Smith,0.57
584,Contract - dark,362,Marketing,28069.33,Closed Won,2023-02-03,Alice Johnson,0.52
585,Upgrade - establish,720,Marketing,5955.25,Closed Won,2023-01-12,Daniel Green,0.34
586,Implementation - determine,721,Marketing,34093.51,Closed Lost,2024-03-18,Alice Johnson,0.31
587,Contract - through,143,Marketing,22965.8,Qualification,2024-02-09,Alice Johnson,0.32
588,Consulting - third,249,Technology,70752.79,Closed Lost,2023-11-30,Alice Johnson,0.69
589,Implementation - form,858,Healthcare,56841.86,Closed Lost,2025-04-11,Daniel Green,0.68
590,Implementation - best,768,Education,7774.72,Proposal Sent,2024-01-26,Eva Brown,0.61
591,Subscription - fine,481,Manufacturing,21440.74,Negotiation,2025-05-23,Clara White,0.31
592,Subscription - experience,642,Healthcare,36763.98,Qualification,2023-09-28,Clara White,0.73
593,Consulting - student,580,Technology,91632.41,Negotiation,2023-10-14,Daniel Green,0.8
594,Subscription - character,600,Education,22977.15,Qualification,2023-05-18,Alice Johnson,0.42
595,Subscription - against,144,Healthcare,59124.79,Closed Lost,2025-02-05,Daniel Green,0.7
596,Consulting - reason,394,Manufacturing,5248.26,Closed Lost,2024-03-29,Clara White,0.34
597,Contract - wear,40,Finance,50059.71,Proposal Sent,2023-05-13,Daniel Green,0.85
598,Implementation - language,656,Finance,63285.23,Proposal Sent,2025-05-30,Eva Brown,0.71
599,Implementation - deal,466,Finance,58831.88,Closed Lost,2025-09-14,Bob Smith,0.54
600,Implementation - Mr,9,Technology,80273.42,Prospecting,2025-02-13,Bob Smith,0.69
601,Upgrade - design,408,Marketing,44653.45,Prospecting,2023-08-19,Bob Smith,0.33
602,Consulting - close,119,Marketing,42039.4,Negotiation,2025-04-29,Clara White,0.57
603,Upgrade - little,554,Technology,82197.24,Closed Won,2024-09-06,Alice Johnson,0.62
604,Contract - month,45,Healthcare,57816.92,Qualification,2023-07-29,Daniel Green,0.74
605,Upgrade - suddenly,533,Finance,63060.76,Negotiation,2023-05-21,Alice Johnson,0.61
606,Implementation - personal,809,Education,19124.07,Closed Lost,2024-12-04,Eva Brown,0.56
607,Contract - crime,565,Manufacturing,20370.65,Proposal Sent,2024-01-14,Alice Johnson,0.65
608,Upgrade - institution,367,Finance,59738.92,Negotiation,2024-05-05,Daniel Green,0.65
609,Subscription - discussion,104,Education,41762.01,Closed Won,2024-03-07,Clara White,0.63
610,Consulting - face,71,Finance,65895.12,Prospecting,2023-03-12,Alice Johnson,0.85
611,Subscription - one,641,Marketing,28424.52,Negotiation,2025-03-24,Alice Johnson,0.31
612,Subscription - leave,584,Technology,77815.5,Proposal Sent,2024-02-20,Clara White,0.94
613,Contract - beat,337,Healthcare,47342.39,Closed Won,2023-12-29,Alice Johnson,0.66
614,Subscription - senior,173,Healthcare,26949.15,Closed Won,2023-11-20,Clara White,0.65
615,Consulting - your,476,Manufacturing,47546.66,Negotiation,2023-05-20,Alice Johnson,0.31
616,Subscription - write,887,Education,12836.78,Closed Won,2024-10-25,Alice Johnson,0.42
617,Upgrade - else,821,Healthcare,48637.96,Proposal Sent,2025-07-10,Daniel Green,0.52
618,Consulting - under,268,Marketing,10149.3,Prospecting,2023-09-01,Alice Johnson,0.44
619,Subscription - idea,633,Technology,60211.14,Negotiation,2024-01-23,Alice Johnson,0.74
620,Implementation - it,984,Manufacturing,24191.03,Closed Won,2025-06-27,Alice Johnson,0.51
621,Implementation - deal,467,Education,38422.94,Closed Won,2024-12-22,Alice Johnson,0.31
622,Subscription - character,625,Education,5843.12,Proposal Sent,2023-03-02,Bob Smith,0.45
623,Implementation - piece,28,Finance,44004.15,Negotiation,2025-06-23,Bob Smith,0.7
624,Contract - water,417,Technology,80206.87,Closed Won,2024-09-04,Alice Johnson,0.93
625,Implementation - sound,387,Technology,58248.48,Proposal Sent,2023-03-03,Daniel Green,0.62
626,Implementation - glass,574,Finance,43740.37,Negotiation,2023-05-05,Clara White,0.56
627,Contract - son,676,Healthcare,41065.16,Proposal Sent,2024-01-02,Clara White,0.65
628,Upgrade - foreign,346,Marketing,44818.46,Proposal Sent,2023-08-04,Daniel Green,0.33
629,Consulting - term,599,Healthcare,28456.44,Proposal Sent,2023-06-29,Alice Johnson,0.47
630,Subscription - happen,731,Manufacturing,42110.35,Proposal Sent,2025-06-23,Bob Smith,0.56
631,Upgrade - action,222,Technology,77256.48,Closed Won,2024-12-01,Bob Smith,0.81
632,Contract - capital,61,Education,12434.71,Prospecting,2023-01-10,Alice Johnson,0.37
633,Implementation - choice,708,Manufacturing,35054.08,Prospecting,2024-06-14,Bob Smith,0.38
634,Upgrade - focus,424,Technology,95742.88,Negotiation,2024-03-30,Alice Johnson,0.88
635,Subscription - stage,984,Manufacturing,16908.45,Closed Won,2023-10-16,Eva Brown,0.47
636,Upgrade - be,360,Education,46476.57,Closed Won,2023-12-30,Daniel Green,0.68
637,Subscription - any,181,Manufacturing,9799.34,Closed Lost,2023-11-06,Alice Johnson,0.54
638,Upgrade - suggest,955,Finance,30544.05,Closed Lost,2025-08-13,Clara White,0.52
639,Contract - federal,967,Finance,57957.52,Closed Won,2024-12-30,Eva Brown,0.52
640,Implementation - life,367,Finance,32772.02,Closed Won,2024-10-19,Alice Johnson,0.79
641,Contract - throughout,269,Healthcare,42475.09,Proposal Sent,2025-03-08,Daniel Green,0.42
642,Implementation - term,551,E-commerce,9901.88,Closed Won,2023-09-01,Clara White,0.33
643,Consulting - father,718,Technology,55040.0,Qualification,2024-02-08,Clara White,0.7
644,Subscription - nice,277,Manufacturing,12954.14,Negotiation,2025-08-16,Eva Brown,0.43
645,Consulting - year,712,E-commerce,6773.52,Closed Lost,2024-07-03,Eva Brown,0.48
646,Consulting - summer,340,Finance,53536.71,Closed Won,2023-06-22,Alice Johnson,0.68
647,Consulting - style,824,Marketing,21051.32,Closed Won,2024-03-10,Alice Johnson,0.44
648,Implementation - make,474,Healthcare,33712.9,Closed Lost,2023-08-20,Alice Johnson,0.44
649,Consulting - significant,979,Finance,53226.38,Closed Lost,2023-04-13,Clara White,0.81
650,Contract - just,261,E-commerce,7379.94,Closed Lost,2023-02-26,Bob Smith,0.32
651,Contract - Republican,665,Healthcare,51409.34,Prospecting,2024-09-08,Daniel Green,0.51
652,Upgrade - note,776,Healthcare,59826.06,Negotiation,2024-07-14,Alice Johnson,0.61
653,Contract - way,281,Healthcare,45336.46,Negotiation,2024-06-14,Alice Johnson,0.61
654,Subscription - travel,178,Healthcare,32485.4,Qualification,2024-04-04,Eva Brown,0.59
655,Upgrade - level,743,Technology,50217.97,Closed Won,2024-05-15,Alice Johnson,0.83
656,Consulting - popular,302,Education,42421.23,Closed Won,2024-07-10,Bob Smith,0.33
657,Subscription - big,47,Manufacturing,24709.53,Closed Won,2023-11-14,Clara White,0.7
658,Contract - fact,913,E-commerce,7791.18,Closed Lost,2023-06-13,Alice Johnson,0.48
659,Subscription - exist,169,Education,9984.54,Closed Won,2024-04-30,Alice Johnson,0.44
660,Implementation - outside,639,Manufacturing,8304.34,Closed Won,2023-10-29,Alice Johnson,0.67
661,Consulting - grow,195,Manufacturing,42252.22,Closed Won,2024-10-11,Bob Smith,0.63
662,Subscription - common,925,Healthcare,59866.24,Qualification,2024-08-08,Alice Johnson,0.48
663,Contract - wife,323,Education,30558.67,Negotiation,2023-11-13,Clara White,0.62
664,Subscription - market,792,Manufacturing,7548.94,Closed Lost,2025-07-28,Clara White,0.62
665,Consulting - offer,217,Manufacturing,5761.16,Closed Won,2023-09-22,Clara White,0.66
666,Contract - quality,44,Marketing,5207.77,Prospecting,2025-04-22,Alice Johnson,0.53
667,Upgrade - forward,778,Marketing,48038.65,Closed Won,2025-08-05,Alice Johnson,0.68
668,Consulting - thousand,83,Education,11212.62,Closed Won,2023-11-17,Alice Johnson,0.31
669,Consulting - direction,258,Marketing,13060.04,Closed Lost,2024-10-22,Bob Smith,0.38
670,Upgrade - have,414,Education,44517.95,Closed Lost,2024-01-24,Alice Johnson,0.56
671,Upgrade - seem,505,Healthcare,38888.63,Closed Won,2024-10-22,Alice Johnson,0.42
672,Implementation - check,963,Education,20224.44,Proposal Sent,2025-01-06,Eva Brown,0.46
673,Contract - medical,151,Marketing,39461.85,Closed Lost,2024-06-20,Bob Smith,0.55
674,Upgrade - religious,139,E-commerce,8453.64,Prospecting,2023-06-21,Clara White,0.22
675,Upgrade - clearly,626,Marketing,19997.73,Negotiation,2023-11-14,Eva Brown,0.52
676,Consulting - station,476,Manufacturing,9932.27,Prospecting,2025-07-20,Bob Smith,0.57
677,Contract - get,348,Finance,75388.39,Closed Won,2023-08-29,Daniel Green,0.58
678,Implementation - key,260,Healthcare,48238.4,Negotiation,2025-01-05,Alice Johnson,0.71
679,Contract - college,75,Marketing,15739.17,Qualification,2024-04-05,Eva Brown,0.31
680,Subscription - view,468,Healthcare,27558.28,Closed Won,2023-10-17,Alice Johnson,0.59
681,Implementation - work,105,Marketing,22699.55,Negotiation,2024-02-12,Clara White,0.4
682,Consulting - activity,898,Finance,58134.41,Closed Lost,2024-04-13,Bob Smith,0.6
683,Subscription - establish,141,E-commerce,10816.31,Qualification,2025-07-17,Daniel Green,0.29
684,Upgrade - tell,58,Technology,51788.4,Closed Won,2024-01-13,Bob Smith,0.7
685,Contract - his,707,Technology,61496.76,Closed Won,2024-12-27,Bob Smith,0.65
686,Implementation - trouble,60,E-commerce,6700.61,Qualification,2023-05-17,Alice Johnson,0.3
687,Implementation - Democrat,427,Technology,71013.58,Negotiation,2024-11-09,Daniel Green,0.76
688,Upgrade - discover,391,Healthcare,55882.44,Closed Won,2024-11-27,Bob Smith,0.61
689,Consulting - full,78,Education,27178.43,Negotiation,2024-02-06,Bob Smith,0.37
690,Consulting - morning,290,Manufacturing,37194.03,Prospecting,2023-02-22,Bob Smith,0.52
691,Subscription - son,730,Technology,68084.75,Proposal Sent,2024-08-26,Bob Smith,0.85
692,Contract - so,868,Finance,52157.81,Proposal Sent,2025-08-28,Alice Johnson,0.63
693,Contract - national,712,E-commerce,8491.43,Closed Won,2023-01-01,Clara White,0.33
694,Subscription - east,866,Technology,73708.71,Negotiation,2024-02-17,Bob Smith,0.86
695,Subscription - heavy,515,Education,42890.52,Qualification,2025-09-08,Alice Johnson,0.34
696,Upgrade - give,878,Finance,76445.09,Closed Won,2023-09-12,Bob Smith,0.8
697,Implementation - group,707,Technology,97337.63,Negotiation,2024-05-30,Clara White,0.63
698,Contract - second,568,E-commerce,10415.47,Proposal Sent,2024-04-21,Clara White,0.27
699,Contract - on,697,Healthcare,32544.64,Closed Lost,2024-10-25,Clara White,0.56
700,Subscription - very,640,Technology,78794.53,Closed Won,2023-12-03,Eva Brown,0.68
701,Implementation - early,710,Finance,67876.8,Closed Won,2023-10-29,Daniel Green,0.78
702,Implementation - you,29,Education,11778.31,Closed Won,2023-10-05,Daniel Green,0.48
703,Implementation - how,852,Education,43280.68,Closed Won,2025-08-11,Daniel Green,0.51
704,Subscription - imagine,6,Marketing,6255.04,Proposal Sent,2025-03-17,Alice Johnson,0.7
705,Contract - or,702,Education,49327.3,Closed Won,2025-09-03,Alice Johnson,0.42
706,Subscription - street,868,Finance,53970.38,Proposal Sent,2024-03-11,Clara White,0.57
707,Upgrade - on,644,Finance,38883.07,Closed Lost,2023-05-15,Clara White,0.73
708,Upgrade - sport,751,Finance,42577.03,Closed Lost,2023-11-26,Clara White,0.7
709,Consulting - fact,775,Education,39786.33,Closed Lost,2024-02-16,Eva Brown,0.32
710,Implementation - show,584,Technology,91510.88,Negotiation,2024-03-13,Clara White,0.84
711,Subscription - rather,516,E-commerce,2268.09,Proposal Sent,2025-09-20,Bob Smith,0.22
712,Implementation - everyone,935,Finance,44154.21,Closed Lost,2025-06-20,Bob Smith,0.62
713,Subscription - image,704,Marketing,7611.99,Qualification,2023-01-05,Alice Johnson,0.37
714,Subscription - material,568,E-commerce,14726.67,Closed Lost,2023-12-02,Clara White,0.48
715,Consulting - number,462,Marketing,8478.24,Closed Won,2024-09-07,Bob Smith,0.41
716,Upgrade - black,791,Manufacturing,16364.08,Closed Won,2024-09-29,Eva Brown,0.35
717,Implementation - heart,972,Marketing,47050.46,Prospecting,2024-03-18,Daniel Green,0.58
718,Contract - oil,535,Technology,96554.41,Proposal Sent,2023-07-29,Bob Smith,0.91
719,Implementation - last,229,Technology,67236.94,Prospecting,2025-06-01,Bob Smith,0.62
720,Subscription - participant,97,Healthcare,42596.29,Closed Won,2025-01-16,Eva Brown,0.52
721,Contract - drug,720,Marketing,21364.17,Closed Won,2024-04-09,Clara White,0.4
722,Implementation - business,325,Education,30857.91,Proposal Sent,2025-02-15,Bob Smith,0.59
723,Consulting - age,864,E-commerce,13635.15,Closed Won,2024-10-27,Alice Johnson,0.39
724,Consulting - fire,440,E-commerce,9602.96,Proposal Sent,2023-01-11,Bob Smith,0.37
725,Implementation - region,143,Marketing,33948.81,Qualification,2023-08-15,Bob Smith,0.31
726,Consulting - air,169,Education,21943.97,Proposal Sent,2025-02-07,Daniel Green,0.43
727,Subscription - side,425,Healthcare,49501.84,Closed Lost,2024-10-31,Eva Brown,0.7
728,Subscription - where,520,Healthcare,32838.48,Closed Lost,2024-05-07,Eva Brown,0.66
729,Implementation - watch,936,Marketing,37181.55,Closed Won,2023-12-28,Alice Johnson,0.42
730,Consulting - data,900,Marketing,7837.48,Closed Won,2024-02-19,Clara White,0.55
731,Contract - seven,643,Education,22583.29,Negotiation,2024-10-16,Clara White,0.65
732,Consulting - second,697,Healthcare,36280.8,Proposal Sent,2024-03-19,Bob Smith,0.69
733,Upgrade - myself,676,Healthcare,41745.34,Closed Won,2025-04-01,Bob Smith,0.66
734,Contract - run,80,Manufacturing,5304.07,Proposal Sent,2025-02-25,Bob Smith,0.58
735,Implementation - cut,396,Finance,69816.59,Closed Lost,2023-04-07,Daniel Green,0.57
736,Upgrade - shoulder,281,Healthcare,27402.68,Prospecting,2024-02-28,Daniel Green,0.74
737,Implementation - financial,203,Manufacturing,11010.65,Negotiation,2024-08-19,Daniel Green,0.62
738,Upgrade - conference,372,Manufacturing,18025.36,Closed Lost,2024-12-08,Daniel Green,0.58
739,Upgrade - I,129,E-commerce,2709.96,Qualification,2023-03-24,Daniel Green,0.49
740,Implementation - town,217,Manufacturing,32675.4,Closed Won,2024-12-17,Daniel Green,0.62
741,Contract - amount,640,Technology,87177.62,Proposal Sent,2024-09-11,Clara White,0.92
742,Consulting - make,56,Manufacturing,47372.97,Proposal Sent,2024-03-29,Bob Smith,0.47
743,Subscription - simple,939,Finance,54191.32,Closed Lost,2024-02-28,Alice Johnson,0.81
744,Implementation - and,276,Education,29614.32,Qualification,2025-09-17,Daniel Green,0.61
745,Upgrade - send,250,Education,34106.68,Closed Won,2023-12-30,Eva Brown,0.47
746,Subscription - clear,81,Finance,63897.07,Closed Lost,2024-10-22,Alice Johnson,0.68
747,Consulting - moment,300,Manufacturing,11172.14,Closed Won,2023-12-01,Eva Brown,0.41
748,Upgrade - me,567,E-commerce,2365.65,Prospecting,2024-02-05,Alice Johnson,0.35
749,Upgrade - member,324,Finance,58964.37,Closed Lost,2023-10-19,Eva Brown,0.76
750,Implementation - life,39,Technology,78972.94,Closed Lost,2024-05-13,Eva Brown,0.71
751,Subscription - real,98,Marketing,26018.95,Negotiation,2023-05-08,Alice Johnson,0.43
752,Contract - drive,874,Healthcare,29850.18,Qualification,2023-09-25,Clara White,0.64
753,Subscription - letter,177,Marketing,43926.31,Closed Lost,2023-06-18,Bob Smith,0.64
754,Contract - whole,927,Finance,34758.85,Closed Lost,2024-11-27,Clara White,0.61
755,Upgrade - beat,786,Manufacturing,41733.13,Closed Lost,2023-11-22,Alice Johnson,0.33
756,Upgrade - couple,35,Healthcare,31200.31,Prospecting,2024-05-10,Clara White,0.75
757,Implementation - foot,173,Healthcare,32211.14,Closed Lost,2025-03-26,Daniel Green,0.72
758,Implementation - focus,31,Education,49922.24,Prospecting,2023-04-25,Daniel Green,0.44
759,Implementation - career,17,Finance,75719.15,Closed Lost,2024-11-17,Clara White,0.52
760,Implementation - set,495,Manufacturing,17422.7,Closed Lost,2024-05-04,Alice Johnson,0.44
761,Contract - once,347,Healthcare,25659.66,Closed Won,2025-01-13,Daniel Green,0.67
762,Upgrade - manager,855,Finance,63027.03,Qualification,2024-03-25,Clara White,0.69
763,Consulting - world,660,Manufacturing,24469.85,Closed Lost,2024-08-04,Alice Johnson,0.35
764,Implementation - story,82,Marketing,41992.13,Closed Lost,2023-12-02,Alice Johnson,0.47
765,Upgrade - again,181,Manufacturing,8543.43,Closed Won,2024-10-04,Alice Johnson,0.6
766,Consulting - end,381,Finance,38137.05,Negotiation,2023-02-23,Alice Johnson,0.52
767,Contract - rich,149,Finance,35262.17,Negotiation,2024-09-16,Alice Johnson,0.65
768,Subscription - why,893,Technology,80988.25,Closed Won,2023-07-03,Clara White,0.7
769,Consulting - difference,724,Marketing,48644.56,Negotiation,2025-09-29,Alice Johnson,0.45
770,Consulting - car,40,Finance,64557.83,Negotiation,2024-12-13,Alice Johnson,0.76
771,Contract - sure,994,Marketing,46246.06,Proposal Sent,2025-08-15,Alice Johnson,0.39
772,Contract - fill,348,Finance,56495.67,Prospecting,2024-07-20,Daniel Green,0.77
773,Subscription - color,767,Manufacturing,48928.0,Closed Won,2023-11-02,Clara White,0.51
774,Consulting - drug,459,Finance,47285.72,Negotiation,2025-08-12,Alice Johnson,0.71
775,Implementation - over,71,Finance,74231.44,Qualification,2024-07-07,Daniel Green,0.53
776,Implementation - long,227,Education,40295.82,Closed Lost,2023-02-02,Eva Brown,0.47
777,Contract - as,376,Finance,71058.19,Closed Won,2024-11-02,Eva Brown,0.54
778,Contract - try,246,Healthcare,24390.45,Closed Won,2025-04-14,Alice Johnson,0.69
779,Implementation - order,802,Education,12481.25,Prospecting,2023-03-15,Daniel Green,0.68
780,Consulting - skin,329,Healthcare,53991.04,Closed Lost,2023-06-29,Clara White,0.68
781,Consulting - impact,330,Healthcare,53043.34,Closed Won,2023-07-22,Alice Johnson,0.45
782,Consulting - step,226,E-commerce,10899.04,Proposal Sent,2024-04-29,Alice Johnson,0.3
783,Contract - bank,813,Marketing,19452.37,Closed Lost,2024-04-22,Eva Brown,0.64
784,Contract - blood,969,Education,35773.32,Proposal Sent,2024-06-23,Eva Brown,0.61
785,Implementation - arm,923,Healthcare,55116.44,Closed Won,2025-07-26,Bob Smith,0.59
786,Contract - four,923,Healthcare,20473.21,Negotiation,2023-05-11,Eva Brown,0.73
787,Subscription - prevent,554,Technology,63603.49,Closed Won,2023-08-25,Eva Brown,0.88
788,Upgrade - couple,927,Finance,69812.59,Closed Lost,2023-04-20,Bob Smith,0.58
789,Consulting - son,347,Healthcare,45742.77,Qualification,2023-05-12,Daniel Green,0.64
790,Contract - prove,639,Manufacturing,23992.18,Proposal Sent,2025-01-06,Eva Brown,0.44
791,Contract - hand,407,Manufacturing,40881.67,Prospecting,2025-07-05,Clara White,0.6
792,Upgrade - specific,205,E-commerce,12768.21,Proposal Sent,2024-04-06,Clara White,0.47
793,Implementation - explain,735,Finance,76951.87,Proposal Sent,2024-04-25,Bob Smith,0.73
794,Implementation - yourself,24,Finance,52795.01,Negotiation,2024-08-30,Alice Johnson,0.83
795,Consulting - include,82,Marketing,37228.49,Closed Lost,2024-02-19,Daniel Green,0.64
796,Implementation - people,487,Education,14400.34,Prospecting,2024-09-03,Bob Smith,0.48
797,Implementation - glass,804,Marketing,17381.67,Qualification,2024-05-28,Bob Smith,0.42
798,Consulting - culture,746,Manufacturing,46597.72,Prospecting,2023-03-03,Daniel Green,0.51
799,Contract - decision,926,E-commerce,8991.59,Proposal Sent,2025-03-10,Clara White,0.34
800,Subscription - store,844,Healthcare,33258.1,Negotiation,2024-07-30,Bob Smith,0.43
801,Subscription - physical,38,Technology,59320.15,Prospecting,2024-03-19,Bob Smith,0.61
802,Implementation - lead,569,Finance,77330.99,Prospecting,2023-02-03,Eva Brown,0.55
803,Subscription - those,915,Technology,91947.92,Prospecting,2023-08-07,Clara White,0.65
804,Upgrade - walk,155,Manufacturing,38019.36,Negotiation,2024-03-13,Alice Johnson,0.42
805,Contract - deep,42,E-commerce,14271.59,Closed Won,2023-04-10,Alice Johnson,0.32
806,Contract - place,168,Manufacturing,10980.79,Proposal Sent,2025-03-18,Eva Brown,0.36
807,Contract - side,23,Manufacturing,13263.8,Proposal Sent,2024-07-05,Alice Johnson,0.39
808,Contract - start,514,Finance,63617.26,Closed Lost,2025-06-23,Eva Brown,0.66
809,Consulting - serve,3,E-commerce,7102.02,Proposal Sent,2023-03-20,Alice Johnson,0.45
810,Subscription - respond,491,Technology,84792.1,Proposal Sent,2023-02-11,Eva Brown,0.7
811,Consulting - say,876,Marketing,17128.71,Closed Lost,2023-12-05,Alice Johnson,0.63
812,Consulting - serve,332,Education,25806.86,Negotiation,2023-08-09,Alice Johnson,0.46
813,Contract - despite,421,Technology,82335.49,Prospecting,2024-07-09,Eva Brown,0.9
814,Consulting - account,125,Technology,69337.79,Proposal Sent,2025-09-21,Eva Brown,0.76
815,Implementation - within,893,Technology,83080.86,Closed Won,2024-12-13,Alice Johnson,0.9
816,Upgrade - big,553,Education,10075.15,Prospecting,2024-06-24,Clara White,0.65
817,Contract - clear,840,Education,27138.74,Closed Won,2024-12-22,Alice Johnson,0.59
818,Subscription - than,981,Healthcare,55102.5,Prospecting,2024-02-10,Bob Smith,0.48
819,Upgrade - direction,16,Education,34205.53,Closed Won,2023-08-28,Alice Johnson,0.42
820,Consulting - boy,237,Manufacturing,46184.8,Qualification,2024-08-17,Alice Johnson,0.59
821,Consulting - others,753,Manufacturing,10639.97,Closed Won,2025-04-29,Clara White,0.4
822,Contract - during,969,Education,10024.74,Negotiation,2023-10-28,Bob Smith,0.57
823,Upgrade - under,297,Marketing,6679.12,Negotiation,2024-11-07,Clara White,0.59
824,Consulting - skin,771,Manufacturing,28320.35,Proposal Sent,2023-02-11,Bob Smith,0.68
825,Consulting - vote,955,Finance,77227.26,Closed Lost,2024-05-23,Clara White,0.73
826,Consulting - environment,37,Finance,41064.92,Closed Won,2024-02-07,Eva Brown,0.73
827,Upgrade - risk,17,Finance,50746.36,Qualification,2025-07-29,Eva Brown,0.62
828,Implementation - identify,290,Manufacturing,9050.34,Closed Lost,2025-03-02,Eva Brown,0.32
829,Upgrade - not,47,Manufacturing,22738.38,Closed Won,2023-06-13,Alice Johnson,0.36
830,Upgrade - skill,497,Manufacturing,31756.65,Negotiation,2024-06-29,Clara White,0.35
831,Consulting - draw,619,Manufacturing,21851.54,Negotiation,2023-02-14,Alice Johnson,0.42
832,Contract - doctor,831,Marketing,6204.56,Closed Won,2023-04-21,Alice Johnson,0.4
833,Implementation - fall,11,E-commerce,9970.86,Negotiation,2024-07-20,Daniel Green,0.33
834,Contract - thing,883,Technology,68569.12,Closed Won,2023-05-28,Bob Smith,0.83
835,Subscription - however,481,Manufacturing,30635.62,Proposal Sent,2024-05-02,Alice Johnson,0.56
836,Upgrade - ground,199,Finance,39104.05,Closed Lost,2023-11-20,Clara White,0.51
837,Contract - responsibility,257,Finance,70989.29,Negotiation,2023-07-07,Eva Brown,0.83
838,Upgrade - rich,395,Technology,89197.74,Closed Won,2024-12-01,Bob Smith,0.93
839,Subscription - sure,518,Healthcare,47050.62,Closed Lost,2025-05-18,Clara White,0.71
840,Consulting - ready,265,Education,36442.04,Closed Won,2024-11-21,Alice Johnson,0.58
841,Subscription - language,185,Manufacturing,23558.27,Qualification,2024-08-31,Alice Johnson,0.65
842,Upgrade - event,955,Finance,71752.67,Closed Lost,2024-07-24,Daniel Green,0.69
843,Subscription - well,177,Marketing,10175.37,Negotiation,2024-04-09,Eva Brown,0.61
844,Contract - would,203,Manufacturing,41933.01,Closed Won,2024-12-01,Clara White,0.61
845,Consulting - remember,308,Technology,51377.83,Closed Won,2023-07-09,Eva Brown,0.76
846,Contract - film,160,Technology,93617.14,Closed Won,2023-12-27,Bob Smith,0.87
847,Implementation - experience,651,E-commerce,9867.17,Negotiation,2025-04-08,Alice Johnson,0.23
848,Implementation - off,256,E-commerce,9943.16,Closed Lost,2023-03-01,Bob Smith,0.37
849,Upgrade - full,577,Manufacturing,12740.03,Prospecting,2025-08-27,Daniel Green,0.49
850,Contract - whom,990,Finance,57802.42,Prospecting,2023-04-01,Bob Smith,0.79
851,Contract - century,586,Healthcare,38795.91,Negotiation,2023-10-07,Clara White,0.52
852,Consulting - approach,136,Healthcare,47745.58,Proposal Sent,2024-04-02,Clara White,0.69
853,Contract - century,97,Healthcare,34705.15,Negotiation,2025-01-15,Clara White,0.5
854,Subscription - quality,151,Marketing,43110.53,Closed Won,2024-12-17,Bob Smith,0.66
855,Subscription - involve,172,Technology,63897.18,Closed Lost,2023-04-10,Clara White,0.92
856,Consulting - war,449,Technology,83609.85,Proposal Sent,2023-03-20,Bob Smith,0.94
857,Upgrade - age,405,Education,36259.74,Closed Won,2024-10-19,Eva Brown,0.42
858,Contract - rise,422,Healthcare,46815.02,Closed Lost,2023-02-12,Alice Johnson,0.71
859,Subscription - assume,102,Finance,39635.98,Closed Lost,2023-06-29,Daniel Green,0.64
860,Upgrade - range,241,E-commerce,10106.19,Closed Lost,2023-06-08,Alice Johnson,0.43
861,Subscription - case,347,Healthcare,39514.63,Qualification,2025-05-25,Alice Johnson,0.51
862,Upgrade - administration,867,Technology,52784.31,Negotiation,2023-10-27,Alice Johnson,0.9
863,Consulting - newspaper,974,Manufacturing,23445.16,Qualification,2023-06-15,Alice Johnson,0.51
864,Consulting - natural,346,Marketing,8958.08,Proposal Sent,2025-03-12,Alice Johnson,0.45
865,Implementation - car,325,Education,10890.54,Negotiation,2024-05-10,Daniel Green,0.45
866,Implementation - concern,441,Technology,93583.61,Proposal Sent,2024-06-15,Clara White,0.92
867,Upgrade - wife,691,E-commerce,7901.53,Closed Won,2023-05-25,Bob Smith,0.37
868,Contract - consider,3,E-commerce,6376.65,Closed Lost,2024-11-06,Alice Johnson,0.45
869,Upgrade - truth,830,E-commerce,7469.05,Prospecting,2024-09-02,Alice Johnson,0.21
870,Upgrade - similar,317,Education,12982.2,Proposal Sent,2023-09-11,Eva Brown,0.62
871,Subscription - somebody,731,Manufacturing,34942.17,Closed Lost,2024-11-11,Alice Johnson,0.33
872,Contract - table,206,E-commerce,10911.27,Closed Won,2024-01-20,Bob Smith,0.44
873,Consulting - team,953,Healthcare,38295.03,Qualification,2024-03-15,Eva Brown,0.44
874,Contract - bring,673,Finance,72462.33,Proposal Sent,2023-06-15,Bob Smith,0.84
875,Implementation - school,439,Manufacturing,49610.68,Closed Lost,2023-11-01,Bob Smith,0.67
876,Subscription - best,893,Technology,99665.2,Closed Won,2023-11-27,Daniel Green,0.86
877,Upgrade - avoid,397,Manufacturing,35902.61,Proposal Sent,2023-03-01,Daniel Green,0.47
878,Upgrade - nearly,470,Education,40019.36,Negotiation,2024-04-12,Bob Smith,0.54
879,Implementation - focus,38,Technology,71431.32,Proposal Sent,2025-07-27,Clara White,0.91
880,Implementation - allow,179,Finance,72040.8,Qualification,2023-03-13,Bob Smith,0.85
881,Consulting - I,876,Marketing,32535.82,Negotiation,2023-10-17,Bob Smith,0.54
882,Consulting - happy,766,Education,17637.22,Negotiation,2023-03-24,Eva Brown,0.35
883,Consulting - month,137,Marketing,12007.68,Closed Won,2023-02-05,Bob Smith,0.69
884,Contract - difference,126,Healthcare,26283.44,Qualification,2023-02-21,Daniel Green,0.44
885,Contract - hour,319,Healthcare,28636.35,Closed Won,2023-12-04,Eva Brown,0.57
886,Implementation - indeed,964,Marketing,28018.62,Closed Lost,2023-10-13,Alice Johnson,0.37
887,Implementation - late,108,Healthcare,51230.64,Qualification,2023-08-21,Clara White,0.49
888,Consulting - article,800,Education,42580.9,Closed Lost,2023-10-03,Daniel Green,0.53
889,Contract - color,959,E-commerce,7713.94,Qualification,2025-09-29,Clara White,0.44
890,Upgrade - assume,136,Healthcare,21500.14,Closed Won,2024-12-31,Alice Johnson,0.42
891,Consulting - alone,306,Marketing,34634.98,Proposal Sent,2024-08-20,Bob Smith,0.5
892,Contract - experience,233,Technology,53100.86,Qualification,2024-07-19,Alice Johnson,0.91
893,Consulting - baby,13,Marketing,14514.1,Closed Won,2023-05-12,Daniel Green,0.41
894,Upgrade - religious,553,Education,18789.0,Closed Lost,2023-05-08,Clara White,0.67
895,Contract - soldier,856,Technology,74794.97,Closed Lost,2024-05-13,Bob Smith,0.64
896,Implementation - method,9,Technology,60440.15,Proposal Sent,2023-02-13,Alice Johnson,0.62
897,Subscription - cell,123,Healthcare,44744.21,Closed Lost,2024-04-28,Eva Brown,0.4
898,Upgrade - could,101,Manufacturing,36025.67,Prospecting,2024-09-27,Daniel Green,0.61
899,Contract - his,55,E-commerce,6440.68,Closed Won,2024-02-17,Daniel Green,0.37
900,Implementation - option,274,Technology,95909.82,Closed Won,2023-12-21,Bob Smith,0.77
901,Implementation - moment,267,Technology,96924.77,Proposal Sent,2024-03-24,Alice Johnson,0.72
902,Implementation - college,592,Manufacturing,34237.51,Closed Won,2024-06-08,Bob Smith,0.35
903,Subscription - story,763,Education,43535.31,Closed Lost,2025-07-12,Eva Brown,0.32
904,Upgrade - hit,606,E-commerce,10766.81,Prospecting,2024-04-21,Alice Johnson,0.4
905,Consulting - report,11,E-commerce,6980.62,Negotiation,2024-04-03,Alice Johnson,0.34
906,Subscription - enough,143,Marketing,42993.94,Proposal Sent,2025-03-01,Eva Brown,0.31
907,Upgrade - thousand,183,Healthcare,37820.86,Prospecting,2025-01-29,Daniel Green,0.55
908,Upgrade - he,67,Technology,52232.73,Prospecting,2023-04-18,Daniel Green,0.82
909,Subscription - indicate,985,E-commerce,2943.94,Negotiation,2023-04-07,Bob Smith,0.36
910,Upgrade - artist,926,E-commerce,11472.41,Prospecting,2023-01-15,Clara White,0.38
911,Implementation - TV,478,Marketing,20188.99,Closed Lost,2024-10-14,Bob Smith,0.64
912,Implementation - natural,169,Education,28229.71,Qualification,2023-09-02,Bob Smith,0.61
913,Contract - assume,472,Finance,31562.36,Negotiation,2024-05-13,Clara White,0.85
914,Upgrade - parent,672,Education,26532.06,Closed Lost,2023-12-13,Clara White,0.69
915,Implementation - about,287,Manufacturing,40394.15,Closed Won,2023-11-01,Bob Smith,0.62
916,Subscription - never,692,Finance,31628.22,Qualification,2023-06-27,Eva Brown,0.81
917,Contract - story,789,Healthcare,40424.2,Proposal Sent,2024-04-14,Daniel Green,0.58
918,Consulting - edge,227,Education,48581.26,Closed Lost,2024-03-10,Alice Johnson,0.55
919,Consulting - strategy,307,Manufacturing,28661.05,Qualification,2025-07-09,Alice Johnson,0.62
920,Upgrade - summer,666,Manufacturing,11851.74,Negotiation,2025-08-10,Bob Smith,0.54
921,Contract - prove,634,Healthcare,39573.96,Negotiation,2023-11-24,Clara White,0.56
922,Subscription - film,289,Education,38994.75,Negotiation,2025-02-02,Eva Brown,0.61
923,Implementation - market,780,Education,42668.9,Closed Won,2025-07-17,Alice Johnson,0.49
924,Implementation - guy,822,E-commerce,12465.31,Negotiation,2024-01-06,Daniel Green,0.28
925,Upgrade - public,832,Education,9817.77,Prospecting,2025-02-14,Alice Johnson,0.62
926,Contract - effort,714,E-commerce,11439.13,Prospecting,2023-01-28,Clara White,0.32
927,Contract - population,588,Manufacturing,44504.95,Closed Won,2024-08-07,Bob Smith,0.52
928,Implementation - defense,612,Finance,75314.71,Negotiation,2025-02-06,Clara White,0.59
929,Implementation - same,589,Finance,49097.33,Closed Lost,2024-10-07,Alice Johnson,0.67
930,Contract - here,347,Healthcare,37448.47,Negotiation,2025-07-04,Eva Brown,0.62
931,Upgrade - than,257,Finance,68850.97,Prospecting,2025-02-07,Daniel Green,0.5
932,Contract - moment,927,Finance,37634.13,Closed Won,2025-06-07,Daniel Green,0.74
933,Consulting - fact,302,Education,5642.75,Prospecting,2025-09-06,Alice Johnson,0.53
934,Implementation - trouble,8,Education,34169.23,Closed Won,2023-04-10,Eva Brown,0.34
935,Upgrade - gas,604,Healthcare,41095.02,Qualification,2023-08-01,Bob Smith,0.68
936,Upgrade - nor,764,Education,11802.31,Prospecting,2023-07-13,Bob Smith,0.55
937,Contract - economy,556,Technology,77825.23,Qualification,2025-02-10,Bob Smith,0.76
938,Consulting - how,380,E-commerce,2520.32,Qualification,2025-04-06,Alice Johnson,0.48
939,Contract - any,854,Finance,43361.82,Proposal Sent,2023-07-14,Clara White,0.83
940,Contract - military,508,E-commerce,12652.66,Closed Won,2023-09-10,Eva Brown,0.43
941,Subscription - scene,851,Finance,76606.53,Negotiation,2023-05-01,Clara White,0.57
942,Implementation - evening,218,Education,12572.44,Negotiation,2024-03-30,Bob Smith,0.61
943,Upgrade - north,48,Finance,30057.83,Qualification,2025-02-28,Bob Smith,0.63
944,Upgrade - program,291,Healthcare,35159.74,Closed Lost,2024-02-25,Alice Johnson,0.62
945,Contract - after,206,E-commerce,2063.44,Closed Lost,2024-02-20,Daniel Green,0.41
946,Contract - vote,311,Education,41674.03,Closed Won,2023-12-25,Alice Johnson,0.37
947,Upgrade - anyone,281,Healthcare,30261.63,Negotiation,2024-06-07,Alice Johnson,0.42
948,Consulting - however,761,Healthcare,39700.89,Negotiation,2023-10-13,Clara White,0.5
949,Contract - Mr,576,Manufacturing,45426.5,Closed Won,2025-02-09,Daniel Green,0.67
950,Contract - but,485,E-commerce,4066.43,Proposal Sent,2025-02-25,Clara White,0.37
951,Implementation - trial,178,Healthcare,28312.03,Closed Lost,2023-11-19,Eva Brown,0.47
952,Contract - second,71,Finance,71713.59,Negotiation,2024-07-18,Alice Johnson,0.52
953,Implementation - light,72,Marketing,15131.72,Closed Won,2023-10-31,Daniel Green,0.58
954,Contract - note,286,E-commerce,1627.79,Closed Won,2024-11-27,Eva Brown,0.47
955,Implementation - eat,830,E-commerce,14496.07,Prospecting,2024-08-08,Daniel Green,0.46
956,Consulting - need,15,Healthcare,57211.97,Closed Won,2023-11-10,Alice Johnson,0.59
957,Upgrade - test,616,Technology,65823.84,Negotiation,2023-06-06,Clara White,0.67
958,Subscription - within,585,Education,38834.67,Closed Lost,2025-09-30,Bob Smith,0.69
959,Implementation - bar,495,Manufacturing,43541.74,Qualification,2023-04-13,Alice Johnson,0.4
960,Consulting - radio,371,Manufacturing,5521.37,Negotiation,2023-09-29,Clara White,0.47
961,Consulting - firm,565,Manufacturing,8003.44,Negotiation,2023-04-22,Eva Brown,0.34
962,Subscription - up,287,Manufacturing,15156.45,Qualification,2024-05-12,Bob Smith,0.69
963,Implementation - especially,211,Finance,37976.03,Negotiation,2023-09-04,Clara White,0.5
964,Implementation - any,717,Finance,57978.03,Closed Lost,2023-05-12,Alice Johnson,0.81
965,Implementation - maybe,517,E-commerce,7681.39,Prospecting,2024-07-14,Alice Johnson,0.21
966,Consulting - listen,232,Healthcare,48866.18,Closed Won,2024-07-01,Eva Brown,0.68
967,Upgrade - myself,886,Education,18156.79,Closed Lost,2024-10-18,Clara White,0.4
968,Consulting - memory,353,Manufacturing,31965.26,Negotiation,2024-09-24,Eva Brown,0.44
969,Contract - wall,105,Marketing,36739.95,Proposal Sent,2025-06-24,Clara White,0.34
970,Implementation - on,207,Education,48772.49,Closed Won,2023-12-03,Alice Johnson,0.48
971,Implementation - per,19,Marketing,23064.19,Proposal Sent,2023-01-01,Bob Smith,0.48
972,Subscription - him,81,Finance,58796.41,Qualification,2025-09-27,Daniel Green,0.84
973,Consulting - soon,700,Finance,40496.7,Qualification,2023-09-07,Alice Johnson,0.58
974,Implementation - discover,256,E-commerce,14214.48,Qualification,2025-06-27,Bob Smith,0.28
975,Implementation - writer,767,Manufacturing,20303.42,Negotiation,2024-12-26,Clara White,0.7
976,Contract - actually,281,Healthcare,55922.41,Prospecting,2023-09-30,Clara White,0.42
977,Contract - will,501,Education,49686.61,Closed Won,2024-11-21,Alice Johnson,0.64
978,Consulting - by,335,E-commerce,14942.14,Qualification,2023-05-22,Alice Johnson,0.24
979,Upgrade - source,434,Healthcare,48887.72,Closed Lost,2023-09-01,Alice Johnson,0.75
980,Consulting - father,938,Manufacturing,42725.98,Prospecting,2023-01-22,Clara White,0.51
981,Consulting - least,589,Finance,74402.71,Closed Won,2023-12-23,Daniel Green,0.55
982,Contract - modern,809,Education,17749.27,Prospecting,2024-05-25,Daniel Green,0.52
983,Implementation - national,329,Healthcare,35699.43,Closed Lost,2024-11-12,Clara White,0.66
984,Implementation - structure,624,Education,28743.47,Proposal Sent,2024-04-14,Alice Johnson,0.59
985,Contract - herself,618,E-commerce,5420.26,Closed Won,2025-07-09,Alice Johnson,0.47
986,Subscription - impact,469,Finance,30596.18,Closed Lost,2024-12-14,Bob Smith,0.84
987,Consulting - role,138,Finance,58419.21,Proposal Sent,2024-04-17,Clara White,0.68
988,Implementation - also,125,Technology,50066.67,Closed Won,2024-11-21,Alice Johnson,0.77
989,Upgrade - produce,817,Technology,93394.09,Closed Won,2024-11-18,Clara White,0.78
990,Upgrade - best,310,Finance,68551.76,Closed Won,2024-01-07,Bob Smith,0.76
991,Consulting - hold,881,Healthcare,25079.95,Proposal Sent,2023-07-19,Clara White,0.51
992,Upgrade - it,917,Technology,72813.8,Proposal Sent,2024-05-27,Alice Johnson,0.8
993,Subscription - alone,237,Manufacturing,21221.99,Closed Lost,2024-11-30,Bob Smith,0.31
994,Consulting - while,26,Marketing,23037.56,Prospecting,2023-09-29,Alice Johnson,0.32
995,Contract - someone,2,Manufacturing,39232.21,Proposal Sent,2024-01-01,Alice Johnson,0.56
996,Subscription - be,897,Healthcare,52921.15,Closed Won,2024-05-31,Eva Brown,0.57
997,Implementation - rich,733,Education,49156.54,Proposal Sent,2025-09-27,Bob Smith,0.36
998,Subscription - human,785,Healthcare,32438.2,Closed Won,2024-10-23,Daniel Green,0.57
999,Consulting - science,616,Technology,58966.56,Closed Won,2025-08-11,Alice Johnson,0.87
1000,Consulting - personal,543,Education,13051.36,Negotiation,2023-08-06,Eva Brown,0.32
